"Tangut definitions for Tangut block. Data from Andrew West's https://babelstone.co.uk/Unicode/unicode.js, https://www.unicode.org/wg2/docs/n4724-FiveAdditionalTangut.pdf, https://www.unicode.org/wg2/docs/n4851-TangutAdditions.pdf, and https://www.unicode.org/L2/L2023/23246-wg2-n5217r2.pdf",definition,reading,possible variant or error,notes,source
17000,poison,,,,
17001,to suck,,,,
17002,strong,,,,
17003,to mate,,,,
17004,collar,,,,
17005,to undergo,,,,
17006,back of the body,,,,
17007,be able to,,,,
17008,incomplete,,,,
17009,ankle,,,,
1700A,to gather,,,,
1700B,snake,,,,
1700C,vehicle,,,,
1700D,mixed and disorderly,,,,
1700E,nearby,,,,
1700F,,,,,
17010,cold,,,,
17011,to shelter,,,,
17012,Buddhist monk,,,,
17013,to request,,,,
17014,above,,,,
17015,bride-price,,,,
17016,to rely on,,,,
17017,to melt,,,,
17018,to meet,,,,
17019,to detest,,,,
1701A,to guide,,,,
1701B,to open,,,,
1701C,then,,,,
1701D,chicken,,,,
1701E,to coagulate,,,,
1701F,to marry,,,,
17020,to integrate,,,,
17021,to be licentious,,,,
17022,to drive,,,,
17023,,,,,
17024,few,,,,
17025,egg,,,,
17026,,,,,
17027,to accuse falsely,,,,
17028,to meet,,,,
17029,to ache,,,,
1702A,peacock,,,,
1702B,to cover,,,,
1702C,completely,,,,
1702D,at last,,,,
1702E,to meet,,,,
1702F,to finish,,,,
17030,great waves,,,,
17031,to sing,,,,
17032,to pass through,,,,
17033,to attack,,,,
17034,a transliteration,,,,
17035,a kind of grass,,,,
17036,a kind of bird,,,,
17037,penis,,,,
17038,to ripple,,,,
17039,little,,,,
1703A,finger,,,,
1703B,"cun, a traditional unit of length",,,,
1703C,"a small steelyard for weighing gold, medicine and so on",,,,
1703D,to pound with a pestle,,,,
1703E,cup,,,,
1703F,tired,,,,
17040,to put (the palms together),,,,
17041,to exist,,,,
17042,wooden handcuffs,,,,
17043,to cut,,,,
17044,fatigue,,,,
17045,hand,,,,
17046,man of wealth,,,,
17047,,,,,
17048,,,,,
17049,slant,,,,
1704A,coarse,,,,
1704B,to drip,,,,
1704C,to grind,,,,
1704D,a surname,,,,
1704E,ox,,,,
1704F,to bite,,,,
17050,exhausted,,,,
17051,a surname,,,,
17052,to distend,,,,
17053,,,,,
17054,,,,,
17055,to marry,,,,
17056,to build,,,,
17057,a surname,,,,
17058,,,,,
17059,fence,,,,
1705A,,,,,
1705B,to estimate,,,,
1705C,backbone,,,,
1705D,respectful,,,,
1705E,"chi, a traditional unit of length",,,,
1705F,treasure,,,,
17060,a surname,,,,
17061,dustpan,,,,
17062,to fall,,,,
17063,careful,,,,
17064,tiger,,,,
17065,,,,,
17066,to raise,,,,
17067,to become thin,,,,
17068,the common people,,,,
17069,,,,,
1706A,a transliteration,,,,
1706B,end,,,,
1706C,a surname,,,,
1706D,to drill,,,,
1706E,meat,,,,
1706F,a surname,,,,
17070,,,,,
17071,a kind of grass,,,,
17072,hair,,,,
17073,horn,,,,
17074,daughter-in-law,,,,
17075,knitting wool,,,,
17076,even,,,,
17077,to shoot,,,,
17078,to tighten,,,,
17079,narrowness,,,,
1707A,clumsy,,,,
1707B,skeleton,,,,
1707C,gold,,,,
1707D,to invade and harass,,,,
1707E,,,,,
1707F,to rest,,,,
17080,a transliteration,,,,
17081,to mate,,,,
17082,meat,,,,
17083,to separate,,,,
17084,treasure,,,,
17085,prime minister,,,,
17086,to hit,,,,
17087,wrist,,,,
17088,left side,,,,
17089,to lose,,,,
1708A,to jump,,,,
1708B,to flip,,,,
1708C,firm,,,,
1708D,to pull out,,,,
1708E,purple,,,,
1708F,big tree,,,,
17090,to invade and harass,,,,
17091,,,,,
17092,to observe,,,,
17093,a transliteration,,,,
17094,,,,,
17095,mole,,,,
17096,bag,,,,
17097,to expel,,,,
17098,to obstruct,,,,
17099,difference,,,,
1709A,banquet,,,,
1709B,to bear (a burden),,,,
1709C,round as a ball,,,,
1709D,to cut,,,,
1709E,to call,,,,
1709F,to dig,,,,
170A0,a transliteration,,,,
170A1,to clear away,,,,
170A2,even,,,,
170A3,age,,,,
170A4,to crawl,,,,
170A5,before,,,,
170A6,to chop,,,,
170A7,country,,,,
170A8,,,,,
170A9,a surname,,,,
170AA,sheep,,,,
170AB,penis,,,,
170AC,to marry,,,,
170AD,to follow,,,,
170AE,to fly,,,,
170AF,to sleep,,,,
170B0,west,,,,
170B1,neck,,,,
170B2,to penetrate,,,,
170B3,to shoot,,,,
170B4,to pare,,,,
170B5,to divide,,,,
170B6,to sew,,,,
170B7,to sew,,,,
170B8,prime minister,,,,
170B9,to flog,,,,
170BA,,,,,
170BB,hernia,,,,
170BC,feast,,,,
170BD,sheep,,,,
170BE,devil,,,,
170BF,to light a fire,,,,
170C0,to rub,,,,
170C1,a transliteration,,,,
170C2,to rock,,,,
170C3,to rub,,,,
170C4,fat,,,,
170C5,to decorate,,,,
170C6,daughter-in-law,,,,
170C7,to conceal,,,,
170C8,new,,,,
170C9,stuffy,,,,
170CA,to splash,,,,
170CB,to hug,,,,
170CC,,,,,
170CD,to spread,,,,
170CE,firm,,,,
170CF,to cut,,,,
170D0,hunchback,,,,
170D1,crooked,,,,
170D2,hollow,,,,
170D3,turbid,,,,
170D4,axe,,,,
170D5,to make great efforts,,,,
170D6,a surname,,,,
170D7,name of a star,,,,
170D8,pleasure,,,,
170D9,to sport,,,,
170DA,deaf,,,,
170DB,a transliteration,,,,
170DC,to be willing,,,,
170DD,baby,,,,
170DE,puppy,,,,
170DF,bag,,,,
170E0,imperial court,,,,
170E1,hat,,,,
170E2,doubt,,,,
170E3,to remain,,,,
170E4,relief,,,,
170E5,scabies,,,,
170E6,city,,,,
170E7,to rely on,,,,
170E8,to change irregularly,,,,
170E9,remains,,,,
170EA,level,,,,
170EB,poor,,,,
170EC,fear,,,,
170ED,death,,,,
170EE,plaint,,,,
170EF,to fall ill frequently,,,,
170F0,sea,,,,
170F1,backbone,,,,
170F2,to do,,,,
170F3,,,,,
170F4,to milk,,,,
170F5,palace,,,,
170F6,illness,,,,
170F7,servant,,,,
170F8,to leave,,,,
170F9,to be stunned,,,,
170FA,to belch,,,,
170FB,wisdom,,,,
170FC,an insect name,,,,
170FD,despaired,,,,
170FE,nasal cavity,,,,
170FF,a place name,,,,
17100,boots,,,,
17101,,,,,
17102,a transliteration,,,,
17103,a transliteration,,,,
17104,,,,,
17105,a transliteration,,,,
17106,a transliteration,,,,
17107,,,,,
17108,to appear,,,,
17109,a transliteration,,,,
1710A,all,,,,
1710B,a transliteration,,,,
1710C,a transliteration,,,,
1710D,a transliteration,,,,
1710E,brave,,,,
1710F,a transliteration,,,,
17110,a transliteration,,,,
17111,all,,,,
17112,broom,,,,
17113,stars,,,,
17114,to patrol,,,,
17115,to take out,,,,
17116,to walk,,,,
17117,a transliteration,,,,
17118,a transliteration,,,,
17119,a transliteration,,,,
1711A,a transliteration,,,,
1711B,to meet,,,,
1711C,,,,,
1711D,earlobe,,,,
1711E,witch,,,,
1711F,a kind of official position,,,,
17120,leader,,,,
17121,scorched,,,,
17122,,,,,
17123,crucible,,,,
17124,wizard,,,,
17125,wizard,,,,
17126,wizard,,,,
17127,,,,,
17128,to burn,,,,
17129,to pass through,,,,
1712A,to violate,,,,
1712B,nature,,,,
1712C,relation by marriage,,,,
1712D,to gather,,,,
1712E,stutter,,,,
1712F,clear,,,,
17130,dry,,,,
17131,deep green,,,,
17132,,,,,
17133,big,,,,
17134,pair,,,,
17135,harsh and unreasonable,,,,
17136,to damage,,,,
17137,to give birth,,,,
17138,impressive and dignified manners,,,,
17139,,,,,
1713A,an insect name,,,,
1713B,to know,,,,
1713C,to fall,,,,
1713D,hill,,,,
1713E,to count,,,,
1713F,to hinder,,,,
17140,bright star,,,,
17141,inner,,,,
17142,to manage,,,,
17143,level,,,,
17144,thick,,,,
17145,to harm,,,,
17146,quiet,,,,
17147,mould,,,,
17148,to tie,,,,
17149,a conjunction,,,,
1714A,smooth,,,,
1714B,not,,,,
1714C,winding,,,,
1714D,ignorant,,,,
1714E,coral,,,,
1714F,to penetrate,,,,
17150,true,,,,
17151,morning,,,,
17152,short,,,,
17153,mountain,,,,
17154,be not,,,,
17155,dark (of complexion),,,,
17156,alms,,,,
17157,to kneel,,,,
17158,pit,,,,
17159,behind,,,,
1715A,to cast sidelong glances,,,,
1715B,the sun,,,,
1715C,to abandon,,,,
1715D,foolish,,,,
1715E,smooth,,,,
1715F,sharp,,,,
17160,ox,,,,
17161,horn,,,,
17162,to survey,,,,
17163,firefly,,,,
17164,sorrowful,,,,
17165,to beat,,,,
17166,anger,,,,
17167,tendon,,,,
17168,nothing,,,,
17169,absurd,,,,
1716A,to lose,,,,
1716B,to revere,,,,
1716C,abortion,,,,
1716D,to chop,,,,
1716E,to announce,,,,
1716F,to prohibit,,,,
17170,slow,,,,
17171,map,,,,
17172,ceremony,,,,
17173,a transliteration,,,,
17174,avarice,,,,
17175,land,,,,
17176,to take out,,,,
17177,tooth,,,,
17178,to roar,,,,
17179,east,,,,
1717A,goat,,,,
1717B,lamb,,,,
1717C,to drink,,,,
1717D,dim,,,,
1717E,rib,,,,
1717F,muddy,,,,
17180,salt,,,,
17181,scattered,,,,
17182,to tie,,,,
17183,weft,,,,
17184,measure,,,,
17185,tail,,,,
17186,clumsy,,,,
17187,to heal,,,,
17188,wide,,,,
17189,to drive,,,,
1718A,uneven,,,,
1718B,to cry,,,,
1718C,a transliteration,,,,
1718D,to abandon,,,,
1718E,sheep,,,,
1718F,goat,,,,
17190,to arrive,,,,
17191,to swallow,,,,
17192,slack,,,,
17193,a surname,,,,
17194,discipline,,,,
17195,internal organs,,,,
17196,farmland,,,,
17197,short,,,,
17198,to contract,,,,
17199,warm,,,,
1719A,to shake,,,,
1719B,to tie,,,,
1719C,to flee,,,,
1719D,tooth,,,,
1719E,foresight,,,,
1719F,a surname,,,,
171A0,to subdue,,,,
171A1,high,,,,
171A2,a kind of vegetable,,,,
171A3,full,,,,
171A4,true,,,,
171A5,decrepit and behind the times,,,,
171A6,concave,,,,
171A7,new,,,,
171A8,laborer,,,,
171A9,toil,,,,
171AA,to exempt,,,,
171AB,to think of,,,,
171AC,impressive and dignified manners,,,,
171AD,to pursue,,,,
171AE,to return,,,,
171AF,a kind of vegetable,,,,
171B0,to return,,,,
171B1,to close,,,,
171B2,succession,,,,
171B3,calm,,,,
171B4,honest,,,,
171B5,,,,,
171B6,turnip,,,,
171B7,many,,,,
171B8,an insect name,,,,
171B9,straight,,,,
171BA,lazy,,,,
171BB,alone,,,,
171BC,doubt,,,,
171BD,to take out,,,,
171BE,inferior,,,,
171BF,loose,,,,
171C0,to throw,,,,
171C1,(Buddhist) chan,,,,
171C2,to spread,,,,
171C3,trench,,,,
171C4,to spread,,,,
171C5,narrow,,,,
171C6,impressive and dignified manners,,,,
171C7,monk,,,,
171C8,cloth,,,,
171C9,Han people,,,,
171CA,a transliteration,,,,
171CB,an auxiliary word,,,,
171CC,fortune,,,,
171CD,to catch fire,,,,
171CE,yoke,,,,
171CF,a surname,,,,
171D0,,,,,
171D1,happy,,,,
171D2,rope,,,,
171D3,,,,,
171D4,,,,,
171D5,open wide,,,,
171D6,to twine,,,,
171D7,to tie,,,,
171D8,to extricate,,,,
171D9,to extricate,,,,
171DA,a kind of vegetable,,,,
171DB,firefly,,,,
171DC,to go,,,,
171DD,light,,,,
171DE,hole,,,,
171DF,monkey,,,,
171E0,to pierce,,,,
171E1,one of the five two-hour periods into which the night was formerly divided,,,,
171E2,arduous,,,,
171E3,to dislike,,,,
171E4,to fall,,,,
171E5,inclined to one side,,,,
171E6,calamity,,,,
171E7,horse disease,,,,
171E8,end,,,,
171E9,ancestor,,,,
171EA,hair,,,,
171EB,to build,,,,
171EC,in disorder,,,,
171ED,to spread,,,,
171EE,shadow,,,,
171EF,slow,,,,
171F0,to think of,,,,
171F1,ovum,,,,
171F2,toil,,,,
171F3,to dislike,,,,
171F4,disease,,,,
171F5,old,,,,
171F6,a transliteration,,,,
171F7,tattered,,,,
171F8,daylight,,,,
171F9,salted,,,,
171FA,fault,,,,
171FB,dirt,,,,
171FC,goat,,,,
171FD,forefathers,,,,
171FE,to move,,,,
171FF,disease,,,,
17200,to fall,,,,
17201,sad,,,,
17202,pot,,,,
17203,deer,,,,
17204,to abuse,,,,
17205,to return,,,,
17206,devil,,,,
17207,north,,,,
17208,egg,,,,
17209,to lose,,,,
1720A,,,,,
1720B,winter,,,,
1720C,to steal,,,,
1720D,ghost,,,,
1720E,disease,,,,
1720F,toil,,,,
17210,not,,,,
17211,hard punishment,,,,
17212,elbow,,,,
17213,winecup,,,,
17214,a kind of bird,,,,
17215,to boil in a covered pot over a slow fire,,,,
17216,to scold,,,,
17217,dirt,,,,
17218,devil,,,,
17219,to envy,,,,
1721A,discontinuity,,,,
1721B,rare,,,,
1721C,to separate,,,,
1721D,to swear,,,,
1721E,to extinguish,,,,
1721F,wild goat,,,,
17220,wrong,,,,
17221,sexual desire,,,,
17222,conceited,,,,
17223,slanting,,,,
17224,tattered,,,,
17225,lascivious,,,,
17226,to confuse,,,,
17227,ghost,,,,
17228,to dig,,,,
17229,a transliteration,,,,
1722A,one,,,,
1722B,great-great-grandson,,,,
1722C,boots wearing in mud,,,,
1722D,to make a detour,,,,
1722E,to die,,,,
1722F,,,,,
17230,to lose,,,,
17231,an auxiliary word,,,,
17232,far,,,,
17233,a transliteration,,,,
17234,presently,,,,
17235,to combine,,,,
17236,to die,,,,
17237,exercise evil influence,,,,
17238,to combine,,,,
17239,to inspect,,,,
1723A,ore,,,,
1723B,hot,,,,
1723C,a surname,,,,
1723D,dirty,,,,
1723E,ash,,,,
1723F,to heat up,,,,
17240,to roast,,,,
17241,to cook,,,,
17242,concubine,,,,
17243,lamp,,,,
17244,to stir-fry,,,,
17245,hot,,,,
17246,a transliteration,,,,
17247,rapid,,,,
17248,,,,,
17249,cool,,,,
1724A,burning hot,,,,
1724B,to gather,,,,
1724C,butterfly,,,,
1724D,to hold,,,,
1724E,eulogy,,,,
1724F,to face upward or downward,,,,
17250,thatched hut,,,,
17251,post,,,,
17252,,,,,
17253,house,,,,
17254,a transliteration,,,,
17255,saint,,,,
17256,small,,,,
17257,to lie,,,,
17258,a pronoun,,,,
17259,mad,,,,
1725A,blood relations,,,,
1725B,vexed,,,,
1725C,to struggle,,,,
1725D,cogongrass,,,,
1725E,to float,,,,
1725F,cat,,,,
17260,camel,,,,
17261,uneven,,,,
17262,hand,,,,
17263,scheme,,,,
17264,to carry on the back,,,,
17265,eating one's fill,,,,
17266,,,,,
17267,door,,,,
17268,five,,,,
17269,to bite,,,,
1726A,vexation,,,,
1726B,recreation,,,,
1726C,to offer sacrifices to god or ancestors,,,,
1726D,scheme,,,,
1726E,immediately,,,,
1726F,pan,,,,
17270,to seek,,,,
17271,to flatter,,,,
17272,other,,,,
17273,hoe,,,,
17274,lean meat,,,,
17275,to know,,,,
17276,lonely,,,,
17277,be inverted,,,,
17278,marsh,,,,
17279,to mix,,,,
1727A,sand,,,,
1727B,to analyze,,,,
1727C,tasteless,,,,
1727D,clean,,,,
1727E,to mix,,,,
1727F,saliva,,,,
17280,ditch,,,,
17281,mud,,,,
17282,boat,,,,
17283,wine,,,,
17284,a nail,,,,
17285,to drink,,,,
17286,to rub,,,,
17287,dried up,,,,
17288,to howl,,,,
17289,lubrication,,,,
1728A,reed,,,,
1728B,moisture,,,,
1728C,sweat,,,,
1728D,a kind of bird,,,,
1728E,dysentery,,,,
1728F,pearl,,,,
17290,calf,,,,
17291,water spring,,,,
17292,dregs,,,,
17293,fountainhead,,,,
17294,to mix,,,,
17295,one of,,,,
17296,wine,,,,
17297,soft,,,,
17298,to mix,,,,
17299,a surname,,,,
1729A,otter,,,,
1729B,a transliteration,,,,
1729C,milk,,,,
1729D,to cross,,,,
1729E,honest,,,,
1729F,sound,,,,
172A0,a surname,,,,
172A1,a surname,,,,
172A2,heavy,,,,
172A3,oral cavity,,,,
172A4,a transliteration,,,,
172A5,moist,,,,
172A6,to wash,,,,
172A7,river,,,,
172A8,dirt,,,,
172A9,harmonious,,,,
172AA,country,,,,
172AB,ice,,,,
172AC,lining,,,,
172AD,dropsy,,,,
172AE,drunkenness,,,,
172AF,well,,,,
172B0,a bottle,,,,
172B1,poetry,,,,
172B2,,,,,
172B3,a transliteration,,,,
172B4,blood,,,,
172B5,strong,,,,
172B6,"a thin white silk used in ancient China, plain color",,,,
172B7,cold,,,,
172B8,in the past,,,,
172B9,crooked,,,,
172BA,a surname,,,,
172BB,sweat,,,,
172BC,to fluctuate,,,,
172BD,tear,,,,
172BE,a place name,,,,
172BF,to ooze,,,,
172C0,to flow,,,,
172C1,to drink,,,,
172C2,to need,,,,
172C3,limit,,,,
172C4,oneself,,,,
172C5,to mix,,,,
172C6,eye socket,,,,
172C7,bent,,,,
172C8,mouth,,,,
172C9,marsh,,,,
172CA,canal,,,,
172CB,mud,,,,
172CC,the ninth of the ten Heavenly Stems,,,,
172CD,alms bowl,,,,
172CE,to bustle,,,,
172CF,a kind of food,,,,
172D0,to have,,,,
172D1,cloud,,,,
172D2,stalk,,,,
172D3,breeding,,,,
172D4,sweet,,,,
172D5,other,,,,
172D6,duck,,,,
172D7,exhaustion,,,,
172D8,boots,,,,
172D9,a surname,,,,
172DA,a prefix means something is already done,,,,
172DB,moisture,,,,
172DC,a transliteration,,,,
172DD,to wash,,,,
172DE,lubrication,,,,
172DF,crooked,,,,
172E0,glutinous (rice),,,,
172E1,colored glaze,,,,
172E2,rope,,,,
172E3,ghost,,,,
172E4,cheese,,,,
172E5,peace,,,,
172E6,,,,,
172E7,,,,,
172E8,to extract butter,,,,
172E9,rain,,,,
172EA,circle,,,,
172EB,to overflow,,,,
172EC,cattail,,,,
172ED,to sink,,,,
172EE,honey,,,,
172EF,moisture,,,,
172F0,poem,,,,
172F1,to wash,,,,
172F2,to wash,,,,
172F3,tube,,,,
172F4,to press,,,,
172F5,self,,,,
172F6,a transliteration,,,,
172F7,scorpion,,,,
172F8,an auxiliary word,,,,
172F9,fluid,,,,
172FA,to irrigate,,,,
172FB,bridge,,,,
172FC,foam,,,,
172FD,water,,,,
172FE,fish,,,,
172FF,to breed,,,,
17300,barnyard grass,,,,
17301,toil,,,,
17302,a transliteration,,,,
17303,winter,,,,
17304,bone,,,,
17305,a transliteration,,,,
17306,to need,,,,
17307,harmonious,,,,
17308,confusion,,,,
17309,smoothness,,,,
1730A,pus,,,,
1730B,wild goose,,,,
1730C,deep,,,,
1730D,to melt,,,,
1730E,blood stasis,,,,
1730F,servant,,,,
17310,a transliteration,,,,
17311,a transliteration,,,,
17312,to putty,,,,
17313,butter,,,,
17314,a surname,,,,
17315,net,,,,
17316,,,,,
17317,to cross,,,,
17318,butter,,,,
17319,butter,,,,
1731A,an overcast sky,,,,
1731B,to mix,,,,
1731C,water,,,,
1731D,tortoise,,,,
1731E,flood,,,,
1731F,a transliteration,,,,
17320,to smear,,,,
17321,beach,,,,
17322,,,,,
17323,bridge,,,,
17324,to cherish,,,,
17325,dregs,,,,
17326,lake,,,,
17327,upbringing,,,,
17328,,,,,
17329,to knead wheat flour,,,,
1732A,tear,,,,
1732B,a transliteration,,,,
1732C,moisture,,,,
1732D,so,,,,
1732E,true,,,,
1732F,to send,,,,
17330,old,,,,
17331,to cheat,,,,
17332,flag,,,,
17333,pretty,,,,
17334,junket,,,,
17335,a surname,,,,
17336,to give birth,,,,
17337,fort,,,,
17338,a surname,,,,
17339,wild animal,,,,
1733A,servant,,,,
1733B,to subdue,,,,
1733C,to lock up,,,,
1733D,an auxiliary word,,,,
1733E,to combine,,,,
1733F,shovel,,,,
17340,a surname,,,,
17341,wall,,,,
17342,larynx,,,,
17343,a place name,,,,
17344,wind,,,,
17345,craftsman,,,,
17346,to give up,,,,
17347,deep black,,,,
17348,eyelid,,,,
17349,"to choke, to swell",,,,
1734A,as,,,,
1734B,to gather,,,,
1734C,to swallow,,,,
1734D,hare,,,,
1734E,deep blue and green,,,,
1734F,a transliteration,,,,
17350,a transliteration,,,,
17351,shivery,,,,
17352,,,,,
17353,to repent,,,,
17354,,,,,
17355,to hasten,,,,
17356,muscle,,,,
17357,black,,,,
17358,butterfly,,,,
17359,curtain,,,,
1735A,ashamed,,,,
1735B,fast; to capture (?),,,,
1735C,broad,,,,
1735D,punishment,,,,
1735E,to be greedy (for food),,,,
1735F,to defend,,,,
17360,a transliteration,,,,
17361,brother-in-law,,,,
17362,spade,,,,
17363,to break,,,,
17364,to stand up,,,,
17365,ore,,,,
17366,swelling,,,,
17367,tub,,,,
17368,message,,,,
17369,calamity,,,,
1736A,intimate,,,,
1736B,two,,,,
1736C,a unit of weight,,,,
1736D,a transliteration,,,,
1736E,lamb,,,,
1736F,branch,,,,
17370,to ride,,,,
17371,two,,,,
17372,between,,,,
17373,you,,,,
17374,a unit of measurement,,,,
17375,a transliteration,,,,
17376,to carve,,,,
17377,to judge,,,,
17378,a kind of horse,,,,
17379,whip,,,,
1737A,ceremony,,,,
1737B,lamb,,,,
1737C,face,,,,
1737D,to salute,,,,
1737E,a surname,,,,
1737F,full,,,,
17380,a surname,,,,
17381,a surname,,,,
17382,patron of sheep,,,,
17383,to detest,,,,
17384,dew,,,,
17385,to contend,,,,
17386,snow,,,,
17387,back,,,,
17388,ice,,,,
17389,cold,,,,
1738A,the twelfth lunar month,,,,
1738B,dirty,,,,
1738C,cold,,,,
1738D,to detest,,,,
1738E,frigid,,,,
1738F,cold,,,,
17390,harm,,,,
17391,hail,,,,
17392,cold,,,,
17393,cold,,,,
17394,cold,,,,
17395,a transliteration,,,,
17396,bitter,,,,
17397,cold,,,,
17398,border,,,,
17399,border,,,,
1739A,pocket,,,,
1739B,being blind,,,,
1739C,a kind of insect,,,,
1739D,wallet,,,,
1739E,blindness,,,,
1739F,blindness,,,,
173A0,tassel,,,,
173A1,dawn,,,,
173A2,a transliteration,,,,
173A3,boundary,,,,
173A4,to observe,,,,
173A5,a surname,,,,
173A6,stutter,,,,
173A7,an insect name,,,,
173A8,intestines,,,,
173A9,family,,,,
173AA,,,,,
173AB,nature,,,,
173AC,anus,,,,
173AD,house,,,,
173AE,village,,,,
173AF,a transliteration,,,,
173B0,to move,,,,
173B1,a surname,,,,
173B2,to move,,,,
173B3,intestines,,,,
173B4,east,,,,
173B5,to combine,,,,
173B6,to collapse,,,,
173B7,to connect,,,,
173B8,sled,,,,
173B9,to contract,,,,
173BA,a figure of sitting,,,,
173BB,,,,,
173BC,,,,,
173BD,dust,,,,
173BE,a comet,,,,
173BF,piebald,,,,
173C0,dust,,,,
173C1,five,,,,
173C2,one of the eight diagrams,,,,
173C3,an ancient unit of weight (1/24 liang),,,,
173C4,urn,,,,
173C5,to obstruct,,,,
173C6,a transliteration,,,,
173C7,written characters,,,,
173C8,writing brush,,,,
173C9,to encircle,,,,
173CA,,,,,
173CB,,,,,
173CC,,,,,
173CD,,,,,
173CE,belly,,,,
173CF,to eat,,,,
173D0,,,,,
173D1,weak,,,,
173D2,intestines,,,,
173D3,to judge,,,,
173D4,,,,,
173D5,weapon,,,,
173D6,a surname,,,,
173D7,empty,,,,
173D8,chest,,,,
173D9,limit,,,,
173DA,,,,,
173DB,a surname,,,,
173DC,belly,,,,
173DD,,,,,
173DE,,,,,
173DF,nose impalement,,,,
173E0,amazement,,,,
173E1,behind,,,,
173E2,festival,,,,
173E3,direction,,,,
173E4,to force,,,,
173E5,a surname,,,,
173E6,saddle,,,,
173E7,,,,,
173E8,corpse,,,,
173E9,an old-fashioned belt,,,,
173EA,,,,,
173EB,stem,,,,
173EC,joint,,,,
173ED,land,,,,
173EE,heaven and earth,,,,
173EF,,,,,
173F0,to embrace,,,,
173F1,to combine,,,,
173F2,a surname,,,,
173F3,end,,,,
173F4,to show,,,,
173F5,end,,,,
173F6,a kind of tool for divination,,,,
173F7,coffin,,,,
173F8,doorframe,,,,
173F9,frequent,,,,
173FA,an auxiliary word,,,,
173FB,to bear lately,,,,
173FC,to send back,,,,
173FD,to mend,,,,
173FE,,,,,
173FF,auspicious,,,,
17400,pool efforts,,,,
17401,to embrace,,,,
17402,,,,,
17403,to buy or sell on credit,,,,
17404,hair,,,,
17405,to mend,,,,
17406,ugly,,,,
17407,ugly,,,,
17408,dung beetles,,,,
17409,hair,,,,
1740A,sweet words,,,,
1740B,umbrella of a carriage,,,,
1740C,a surname,,,,
1740D,cover,,,,
1740E,father,,,,
1740F,teapoy,,,,
17410,fragrant,,,,
17411,scarf,,,,
17412,fast,,,,
17413,to choke,,,,
17414,land,,,,
17415,father,,,,
17416,to arrive,,,,
17417,to capture,,,,
17418,to arrive,,,,
17419,aspiration,,,,
1741A,to ferment,,,,
1741B,numerous,,,,
1741C,cover,,,,
1741D,butter,,,,
1741E,butter,,,,
1741F,natural resources,,,,
17420,to present (a gift),,,,
17421,presently,,,,
17422,,,,,
17423,to enjoin,,,,
17424,to see someone off,,,,
17425,fortune,,,,
17426,bridal chamber,,,,
17427,to present (a gift),,,,
17428,rare,,,,
17429,a surname,,,,
1742A,respectability,,,,
1742B,to tell,,,,
1742C,to sew,,,,
1742D,to speak,,,,
1742E,ball,,,,
1742F,boundary,,,,
17430,apron,,,,
17431,an auxiliary word,,,,
17432,soft,,,,
17433,fort,,,,
17434,ear,,,,
17435,to see,,,,
17436,,,,,
17437,clean,,,,
17438,a surname,,,,
17439,a transliteration,,,,
1743A,door,,,,
1743B,clothing,,,,
1743C,to hit,,,,
1743D,singer,,,,
1743E,a surname,,,,
1743F,relatives,,,,
17440,to unfold,,,,
17441,appearance,,,,
17442,membrane,,,,
17443,a transliteration,,,,
17444,have to,,,,
17445,ancestor,,,,
17446,to stare,,,,
17447,son-in-law,,,,
17448,to beat; to hide (?),,,,
17449,eyes,,,,
1744A,night,,,,
1744B,basket,,,,
1744C,incomplete,,,,
1744D,to trade,,,,
1744E,to whisper,,,,
1744F,a surname,,,,
17450,a surname,,,,
17451,a transliteration,,,,
17452,ambition,,,,
17453,to move,,,,
17454,honest,,,,
17455,beautiful,,,,
17456,a hint given with the eyes,,,,
17457,clean,,,,
17458,clean,,,,
17459,a surname,,,,
1745A,to play,,,,
1745B,south,,,,
1745C,treasure,,,,
1745D,joint,,,,
1745E,a transliteration,,,,
1745F,relatives,,,,
17460,and,,,,
17461,to lose,,,,
17462,,,,,
17463,harmonious,,,,
17464,,,,,
17465,to adore,,,,
17466,frank,,,,
17467,"to make (wine, vinegar)",,,,
17468,to fight,,,,
17469,hope,,,,
1746A,a man of noble character,,,,
1746B,a transliteration,,,,
1746C,dregs,,,,
1746D,fat,,,,
1746E,small dish,,,,
1746F,to lie down,,,,
17470,property,,,,
17471,rob; festival,,,,
17472,to speak,,,,
17473,thousand,,,,
17474,a surname,,,,
17475,big cymbals,,,,
17476,straight,,,,
17477,all,,,,
17478,to fight,,,,
17479,a transliteration,,,,
1747A,a kind of vegetable,,,,
1747B,joint,,,,
1747C,end,,,,
1747D,a transliteration,,,,
1747E,speech,,,,
1747F,single,,,,
17480,to support,,,,
17481,love,,,,
17482,marriage,,,,
17483,frontier,,,,
17484,,,,,
17485,a surname,,,,
17486,a transliteration,,,,
17487,six-year-old sheep,,,,
17488,pond,,,,
17489,a transliteration,,,,
1748A,dirt,,,,
1748B,to gather,,,,
1748C,a surname,,,,
1748D,to resolve,,,,
1748E,song,,,,
1748F,a surname,,,,
17490,to receive,,,,
17491,a transliteration,,,,
17492,arrogant,,,,
17493,gorgeous,,,,
17494,a surname,,,,
17495,neck,,,,
17496,to stretch,,,,
17497,brother's son,,,,
17498,true,,,,
17499,multitudinous,,,,
1749A,to present (a gift),,,,
1749B,to ride,,,,
1749C,belt,,,,
1749D,a transliteration,,,,
1749E,vegetable,,,,
1749F,to demand,,,,
174A0,cervical vertebra,,,,
174A1,to go,,,,
174A2,to guide,,,,
174A3,to advocate,,,,
174A4,one-year-old sheep,,,,
174A5,to revere,,,,
174A6,to seek,,,,
174A7,to cut off,,,,
174A8,cymbals,,,,
174A9,a surname,,,,
174AA,altar,,,,
174AB,a transliteration,,,,
174AC,,,,,
174AD,brother's son,,,,
174AE,a transliteration,,,,
174AF,to lose,,,,
174B0,lonely,,,,
174B1,year,,,,
174B2,to amuse,,,,
174B3,bell,,,,
174B4,"to make (wine, vinegar)",,,,
174B5,to tie,,,,
174B6,,,,,
174B7,parents,,,,
174B8,stomach (of a bird),,,,
174B9,seven,,,,
174BA,,,,,
174BB,skilful,,,,
174BC,to expand,,,,
174BD,resentment,,,,
174BE,to sleep,,,,
174BF,warehouse,,,,
174C0,to hide,,,,
174C1,to listen,,,,
174C2,to know,,,,
174C3,dark,,,,
174C4,harmonious,,,,
174C5,to mend,,,,
174C6,to change,,,,
174C7,cervical vertebra,,,,
174C8,clothing,,,,
174C9,father-in-law,,,,
174CA,a surname,,,,
174CB,a kind of animal,,,,
174CC,long,,,,
174CD,turbulent (current),,,,
174CE,to mix,,,,
174CF,to look,,,,
174D0,to rumor,,,,
174D1,to guard,,,,
174D2,father-in-law,,,,
174D3,to go,,,,
174D4,a surname,,,,
174D5,a transliteration,,,,
174D6,dexterous,,,,
174D7,a transliteration,,,,
174D8,wide,,,,
174D9,to hit,,,,
174DA,to apply,,,,
174DB,wizard,,,,
174DC,a transliteration,,,,
174DD,to clear away,,,,
174DE,a surname,,,,
174DF,fourth,,,,
174E0,mixed blood,,,,
174E1,wealth,,,,
174E2,mother-in-law,,,,
174E3,honest,,,,
174E4,,,,,
174E5,dawn,,,,
174E6,secret,,,,
174E7,a surname,,,,
174E8,to seek,,,,
174E9,wide,,,,
174EA,a transliteration,,,,
174EB,robe,,,,
174EC,flourish (?); wide,,,,
174ED,wealth,,,,
174EE,a transliteration,,,,
174EF,employment,,,,
174F0,deep,,,,
174F1,if,,,,
174F2,robe,,,,
174F3,fat,,,,
174F4,a kind of clothing making of crude gunny,,,,
174F5,a surname,,,,
174F6,shirt made by rough cloth,,,,
174F7,a surname,,,,
174F8,oath,,,,
174F9,a surname,,,,
174FA,fur-lined jacket,,,,
174FB,mist,,,,
174FC,oath,,,,
174FD,a transliteration,,,,
174FE,close,,,,
174FF,sleepy,,,,
17500,father,,,,
17501,god,,,,
17502,small dish,,,,
17503,rouge,,,,
17504,gruel,,,,
17505,corner,,,,
17506,to store,,,,
17507,warehouse,,,,
17508,a transliteration,,,,
17509,perhaps,,,,
1750A,anger,,,,
1750B,a surname,,,,
1750C,shoes,,,,
1750D,industrious,,,,
1750E,to put in order,,,,
1750F,to stir,,,,
17510,kind,,,,
17511,clothes for cattle,,,,
17512,husband,,,,
17513,to borrow,,,,
17514,bamboo,,,,
17515,platform,,,,
17516,to slaughter,,,,
17517,stinking,,,,
17518,to listen,,,,
17519,to screen,,,,
1751A,beautiful,,,,
1751B,to dress,,,,
1751C,fast,,,,
1751D,a transliteration,,,,
1751E,livestock,,,,
1751F,a surname,,,,
17520,to store,,,,
17521,to mend,,,,
17522,"to make (wine, vinegar)",,,,
17523,a transliteration,,,,
17524,dark,,,,
17525,to contend,,,,
17526,a surname,,,,
17527,cupboard,,,,
17528,to twine,,,,
17529,to transport,,,,
1752A,to thunder,,,,
1752B,to meet,,,,
1752C,a surname,,,,
1752D,to get,,,,
1752E,to cherish,,,,
1752F,to fight,,,,
17530,milk,,,,
17531,impressive and dignified manners,,,,
17532,firm,,,,
17533,ancestor,,,,
17534,a surname,,,,
17535,a surname,,,,
17536,a surname,,,,
17537,a transliteration,,,,
17538,a surname,,,,
17539,a surname,,,,
1753A,pants,,,,
1753B,dexterous,,,,
1753C,to fight,,,,
1753D,,,,,
1753E,a surname,,,,
1753F,ceremony,,,,
17540,a kind of grass,,,,
17541,to grow,,,,
17542,tool,,,,
17543,soup,,,,
17544,juice,,,,
17545,cheese,,,,
17546,moist,,,,
17547,juice,,,,
17548,mud,,,,
17549,otter,,,,
1754A,,,,,
1754B,plough,,,,
1754C,a surname,,,,
1754D,tired,,,,
1754E,to be smooth and steady,,,,
1754F,conceited,,,,
17550,to fear,,,,
17551,ten thousand,,,,
17552,to take a wife,,,,
17553,still,,,,
17554,platform,,,,
17555,tooth,,,,
17556,to observe,,,,
17557,to adore,,,,
17558,I,,,,
17559,conceited,,,,
1755A,ten thousand,,,,
1755B,well-proportioned,,,,
1755C,to hide,,,,
1755D,to contract,,,,
1755E,to ride,,,,
1755F,broken,,,,
17560,a classifier,,,,
17561,to redeem,,,,
17562,owlet,,,,
17563,angry,,,,
17564,to seek for happiness,,,,
17565,shining,,,,
17566,restrained,,,,
17567,like,,,,
17568,to love,,,,
17569,harmonious,,,,
1756A,woman,,,,
1756B,to like,,,,
1756C,light,,,,
1756D,silly,,,,
1756E,to pull,,,,
1756F,bedding,,,,
17570,to pull out,,,,
17571,height (of a person),,,,
17572,to flog,,,,
17573,to change,,,,
17574,modest,,,,
17575,to burst,,,,
17576,mad,,,,
17577,flat,,,,
17578,a transliteration,,,,
17579,to answer,,,,
1757A,speech,,,,
1757B,ditch,,,,
1757C,to spread,,,,
1757D,to know,,,,
1757E,a transliteration,,,,
1757F,kind,,,,
17580,to suit,,,,
17581,tall,,,,
17582,to advise,,,,
17583,,,,,
17584,kindness,,,,
17585,to go along with,,,,
17586,living in peace,,,,
17587,firm; skilful,,,,
17588,to forbid,,,,
17589,insane,,,,
1758A,to send (an envoy),,,,
1758B,who,,,,
1758C,one,,,,
1758D,praise,,,,
1758E,to judge,,,,
1758F,former times,,,,
17590,hiccup,,,,
17591,to plot,,,,
17592,fault,,,,
17593,to report,,,,
17594,peaceful,,,,
17595,to scold,,,,
17596,to tell,,,,
17597,to blow (one's nose),,,,
17598,word,,,,
17599,to speak,,,,
1759A,to report,,,,
1759B,alas,,,,
1759C,to force,,,,
1759D,few,,,,
1759E,to flatter,,,,
1759F,musical instrument,,,,
175A0,harmonious,,,,
175A1,crime,,,,
175A2,to indicate,,,,
175A3,to swear,,,,
175A4,to look for,,,,
175A5,to advise,,,,
175A6,to dispatch,,,,
175A7,a transliteration,,,,
175A8,peaceful,,,,
175A9,to quarrel,,,,
175AA,swelling,,,,
175AB,to help,,,,
175AC,to get worried,,,,
175AD,happy,,,,
175AE,thatched hut,,,,
175AF,a transliteration,,,,
175B0,sutra,,,,
175B1,a transliteration,,,,
175B2,to increase,,,,
175B3,to weave,,,,
175B4,weaving,,,,
175B5,a preposition,,,,
175B6,who,,,,
175B7,anger,,,,
175B8,to say,,,,
175B9,a transliteration,,,,
175BA,eardrop,,,,
175BB,respect,,,,
175BC,lazy,,,,
175BD,a transliteration,,,,
175BE,to force,,,,
175BF,,,,,
175C0,wan and sallow,,,,
175C1,ashamed,,,,
175C2,a modal auxiliary,,,,
175C3,a transliteration,,,,
175C4,an official title,,,,
175C5,to curse,,,,
175C6,Buddhist monk,,,,
175C7,to confess,,,,
175C8,to read,,,,
175C9,to sing happily,,,,
175CA,sprouts,,,,
175CB,a transliteration,,,,
175CC,house,,,,
175CD,a kind of maggot,,,,
175CE,to advise,,,,
175CF,,,,,
175D0,life,,,,
175D1,to live,,,,
175D2,land,,,,
175D3,bottle,,,,
175D4,flat,,,,
175D5,changing,,,,
175D6,spinach,,,,
175D7,exploits,,,,
175D8,sweet,,,,
175D9,a possessive adverb,,,,
175DA,sea,,,,
175DB,dazzle,,,,
175DC,to wave,,,,
175DD,a kind of vegetable,,,,
175DE,cooked wheaten food,,,,
175DF,will,,,,
175E0,to lick,,,,
175E1,dirty,,,,
175E2,dagger,,,,
175E3,trade,,,,
175E4,,,,,
175E5,to sell and buy,,,,
175E6,price,,,,
175E7,price,,,,
175E8,man and his wife's brother,,,,
175E9,to sell,,,,
175EA,commerce,,,,
175EB,to traffic,,,,
175EC,among,,,,
175ED,to attend,,,,
175EE,to traffic,,,,
175EF,dog,,,,
175F0,a kind of grass,,,,
175F1,fox,,,,
175F2,to butcher,,,,
175F3,dirty,,,,
175F4,to bark,,,,
175F5,yak,,,,
175F6,fox,,,,
175F7,noise,,,,
175F8,eddy,,,,
175F9,bellyband,,,,
175FA,wolf,,,,
175FB,dog,,,,
175FC,wizard,,,,
175FD,a surname,,,,
175FE,pig,,,,
175FF,dog,,,,
17600,chrysalis,,,,
17601,to bark,,,,
17602,dog,,,,
17603,buttocks,,,,
17604,maggot,,,,
17605,pig,,,,
17606,a transliteration,,,,
17607,a surname,,,,
17608,slack,,,,
17609,pearl,,,,
1760A,magpie,,,,
1760B,seven,,,,
1760C,to send,,,,
1760D,blue and green,,,,
1760E,seven,,,,
1760F,to send,,,,
17610,a kind of insect,,,,
17611,dark green,,,,
17612,hoof,,,,
17613,empty,,,,
17614,to swear,,,,
17615,family dependants,,,,
17616,hoof,,,,
17617,rainbow,,,,
17618,colored silk,,,,
17619,scorpion,,,,
1761A,dark green,,,,
1761B,to dye,,,,
1761C,to be lame,,,,
1761D,five,,,,
1761E,sage,,,,
1761F,holy,,,,
17620,leg,,,,
17621,down,,,,
17622,thin,,,,
17623,looks,,,,
17624,marriage,,,,
17625,miscellaneous,,,,
17626,a transliteration,,,,
17627,butter,,,,
17628,a surname,,,,
17629,yellow,,,,
1762A,clan,,,,
1762B,to fall scattered,,,,
1762C,time,,,,
1762D,a surname,,,,
1762E,yellow,,,,
1762F,a modal auxiliary,,,,
17630,dark,,,,
17631,to submit,,,,
17632,pavilion,,,,
17633,to stab,,,,
17634,to move,,,,
17635,to cut,,,,
17636,a sudden peal of thunder,,,,
17637,to roar,,,,
17638,,,,,
17639,a transliteration,,,,
1763A,quiet,,,,
1763B,a sorrowfull sigh,,,,
1763C,a transliteration,,,,
1763D,fear,,,,
1763E,conch,,,,
1763F,well-balanced,,,,
17640,a reward,,,,
17641,sound,,,,
17642,drum,,,,
17643,a transliteration,,,,
17644,sound,,,,
17645,to hum,,,,
17646,blocked,,,,
17647,to howl,,,,
17648,to allow,,,,
17649,to choke,,,,
1764A,a transliteration,,,,
1764B,harmony,,,,
1764C,to call,,,,
1764D,to abuse,,,,
1764E,information,,,,
1764F,sound,,,,
17650,to whistle,,,,
17651,breath,,,,
17652,a transliteration,,,,
17653,a transliteration,,,,
17654,a transliteration,,,,
17655,to shout,,,,
17656,a transliteration,,,,
17657,chime,,,,
17658,bell,,,,
17659,a transliteration,,,,
1765A,a transliteration,,,,
1765B,a transliteration,,,,
1765C,very fast,,,,
1765D,(usually used in the negative) sound,,,,
1765E,dragon,,,,
1765F,a transliteration,,,,
17660,noise,,,,
17661,to cry,,,,
17662,a transliteration,,,,
17663,to condemn,,,,
17664,a transliteration,,,,
17665,sigh,,,,
17666,a transliteration,,,,
17667,flourishing,,,,
17668,rapidly,,,,
17669,stop,,,,
1766A,a transliteration,,,,
1766B,a transliteration,,,,
1766C,a transliteration,,,,
1766D,thousand,,,,
1766E,foot mark,,,,
1766F,back,,,,
17670,tortoise,,,,
17671,hard,,,,
17672,jade necklace,,,,
17673,coarse,,,,
17674,patriarchal clan,,,,
17675,to indicate,,,,
17676,beautiful,,,,
17677,front,,,,
17678,felt,,,,
17679,the moon,,,,
1767A,shed,,,,
1767B,to indicate,,,,
1767C,front,,,,
1767D,feelings,,,,
1767E,a surname,,,,
1767F,to guard,,,,
17680,to go without a burden,,,,
17681,to make out,,,,
17682,to be familiar with,,,,
17683,fork,,,,
17684,peach,,,,
17685,to ring,,,,
17686,,,,,
17687,thick,,,,
17688,rice steamer,,,,
17689,people,,,,
1768A,,,,,
1768B,branch,,,,
1768C,tail,,,,
1768D,rafter,,,,
1768E,a kind of tree,,,,
1768F,Chinese fir,,,,
17690,willow,,,,
17691,a kind of tree,,,,
17692,a kind of tree,,,,
17693,a surname,,,,
17694,to bathe,,,,
17695,a kind of tree,,,,
17696,a unit of measurement,,,,
17697,sandalwood,,,,
17698,small dish,,,,
17699,Chinese parasol tree,,,,
1769A,wrist,,,,
1769B,to move,,,,
1769C,to burn,,,,
1769D,thistles and thorns,,,,
1769E,a kind of vegetable,,,,
1769F,jar,,,,
176A0,basket,,,,
176A1,man,,,,
176A2,rake,,,,
176A3,a kind of tree,,,,
176A4,,,,,
176A5,sugarcane,,,,
176A6,turtledove,,,,
176A7,firewood,,,,
176A8,cupboard,,,,
176A9,road,,,,
176AA,to dispatch,,,,
176AB,a kind of tree,,,,
176AC,ailanthus,,,,
176AD,to chop,,,,
176AE,a transliteration,,,,
176AF,to close,,,,
176B0,,,,,
176B1,a kind of tree,,,,
176B2,litchi,,,,
176B3,neck of a plough,,,,
176B4,a kind of tree,,,,
176B5,willow,,,,
176B6,thorn,,,,
176B7,a surname,,,,
176B8,urgent,,,,
176B9,bolt,,,,
176BA,basket,,,,
176BB,a unit of measurement,,,,
176BC,a transliteration,,,,
176BD,wilderness,,,,
176BE,the fruit of Chinese wolfberry,,,,
176BF,to gather,,,,
176C0,a kind of tree,,,,
176C1,chestnut,,,,
176C2,able and virtuous,,,,
176C3,to arrive,,,,
176C4,rafter,,,,
176C5,tub,,,,
176C6,branch,,,,
176C7,,,,,
176C8,to rise,,,,
176C9,a kind of tree,,,,
176CA,west,,,,
176CB,melon,,,,
176CC,to do,,,,
176CD,to break,,,,
176CE,trough,,,,
176CF,to invite,,,,
176D0,to crack,,,,
176D1,happiness,,,,
176D2,eulogy,,,,
176D3,a kind of vegetable,,,,
176D4,hedgehog,,,,
176D5,cassia,,,,
176D6,brambles,,,,
176D7,a kind of tree,,,,
176D8,jackal,,,,
176D9,a sleeveless garment,,,,
176DA,boat,,,,
176DB,central room,,,,
176DC,circle,,,,
176DD,plum,,,,
176DE,a kind of tree,,,,
176DF,dragon,,,,
176E0,a kind of tree,,,,
176E1,bamboo shoots,,,,
176E2,railing,,,,
176E3,to sway,,,,
176E4,awning,,,,
176E5,to chisel,,,,
176E6,a kind of vegetable,,,,
176E7,to flow,,,,
176E8,to move,,,,
176E9,roof beam,,,,
176EA,a kind of tree,,,,
176EB,to bathe,,,,
176EC,a kind of tree,,,,
176ED,a kind of tree,,,,
176EE,to subdue,,,,
176EF,old,,,,
176F0,three,,,,
176F1,a place name,,,,
176F2,border,,,,
176F3,,,,,
176F4,seedling,,,,
176F5,small,,,,
176F6,frame,,,,
176F7,white fir,,,,
176F8,burnt,,,,
176F9,desolate and boundless,,,,
176FA,round,,,,
176FB,maroon,,,,
176FC,tree tumor,,,,
176FD,,,,,
176FE,a kind of tree,,,,
176FF,song,,,,
17700,wine,,,,
17701,Chinese ink,,,,
17702,garden,,,,
17703,to borrow money,,,,
17704,time,,,,
17705,to gamble,,,,
17706,bowl,,,,
17707,a kind of wood,,,,
17708,to hold,,,,
17709,a kind of grass,,,,
1770A,fear,,,,
1770B,Chinese flowering crab apple,,,,
1770C,complete,,,,
1770D,to kill,,,,
1770E,to tie,,,,
1770F,,,,,
17710,fire,,,,
17711,a skilled workman,,,,
17712,casket,,,,
17713,to appear,,,,
17714,disorderly,,,,
17715,neck of a plough,,,,
17716,to hold,,,,
17717,a kind of tree,,,,
17718,near,,,,
17719,to hold,,,,
1771A,a kind of tree,,,,
1771B,cork,,,,
1771C,to seek,,,,
1771D,red wood,,,,
1771E,election,,,,
1771F,a kind of plant,,,,
17720,to punish severely,,,,
17721,thornbushes,,,,
17722,roof beam,,,,
17723,night,,,,
17724,a kind of tree,,,,
17725,a kind of plant,,,,
17726,to sink,,,,
17727,hole,,,,
17728,a kind of plant,,,,
17729,a kind of tree,,,,
1772A,building,,,,
1772B,west,,,,
1772C,to gamble,,,,
1772D,hair,,,,
1772E,to gamble,,,,
1772F,grape,,,,
17730,a surname,,,,
17731,pointed,,,,
17732,lacquer,,,,
17733,a place name,,,,
17734,crooked,,,,
17735,railing,,,,
17736,debt,,,,
17737,a kind of tree,,,,
17738,a classifier,,,,
17739,to enter,,,,
1773A,a transliteration,,,,
1773B,chopsticks,,,,
1773C,to hold,,,,
1773D,to flog,,,,
1773E,ladle,,,,
1773F,a kind of vegetable,,,,
17740,a kind of tree,,,,
17741,plough,,,,
17742,central room,,,,
17743,bowl,,,,
17744,to revolve,,,,
17745,,,,,
17746,general name for certain musical instruments,,,,
17747,confidence,,,,
17748,roof beam,,,,
17749,a place name,,,,
1774A,roof beam,,,,
1774B,pole,,,,
1774C,musk,,,,
1774D,hole,,,,
1774E,bowl,,,,
1774F,a unit of measurement,,,,
17750,to gather,,,,
17751,walnut,,,,
17752,charcoal,,,,
17753,earthen bowl,,,,
17754,a kind of tree,,,,
17755,bamboo flute,,,,
17756,luxuriant,,,,
17757,roof beam,,,,
17758,bamboo,,,,
17759,thorn,,,,
1775A,firewood,,,,
1775B,plum,,,,
1775C,a kind of grass,,,,
1775D,four,,,,
1775E,a kind of tree,,,,
1775F,post,,,,
17760,tree,,,,
17761,to pollute,,,,
17762,a place name,,,,
17763,chess or any board game,,,,
17764,plate,,,,
17765,tree,,,,
17766,purple,,,,
17767,"to crack, to split",,,,
17768,a kind of bamboo,,,,
17769,to be imprisoned,,,,
1776A,pole,,,,
1776B,a kind of tree,,,,
1776C,railing,,,,
1776D,stake,,,,
1776E,rake,,,,
1776F,rake,,,,
17770,luxuriant,,,,
17771,a kind of tree,,,,
17772,melon,,,,
17773,a kind of tree,,,,
17774,a transliteration,,,,
17775,stake,,,,
17776,button,,,,
17777,the fruit of Chinese wolfberry,,,,
17778,ghost,,,,
17779,elm,,,,
1777A,,,,,
1777B,tree tumor,,,,
1777C,agalwood,,,,
1777D,table,,,,
1777E,to advance,,,,
1777F,to hold,,,,
17780,to smile,,,,
17781,post,,,,
17782,calabash,,,,
17783,stinking,,,,
17784,a kind of plant,,,,
17785,to turn,,,,
17786,heavy burden,,,,
17787,to go,,,,
17788,grape,,,,
17789,a skilful woman,,,,
1778A,replete,,,,
1778B,table,,,,
1778C,cypress,,,,
1778D,pedestal,,,,
1778E,pear,,,,
1778F,a tongue of flame,,,,
17790,a kind of tree,,,,
17791,ridgepole,,,,
17792,difference,,,,
17793,cherry,,,,
17794,incense,,,,
17795,to divide,,,,
17796,a transliteration,,,,
17797,a surname,,,,
17798,trousseau,,,,
17799,small cup,,,,
1779A,thin,,,,
1779B,to burst,,,,
1779C,sapling,,,,
1779D,wilderness,,,,
1779E,an auxiliary word,,,,
1779F,fruit,,,,
177A0,apricot,,,,
177A1,to burst,,,,
177A2,tray,,,,
177A3,farm animal,,,,
177A4,seedling,,,,
177A5,to sing,,,,
177A6,to smoke (meat),,,,
177A7,shaft of arrow,,,,
177A8,bamboo shoots,,,,
177A9,bag,,,,
177AA,a kind of tree,,,,
177AB,cracking sound,,,,
177AC,a kind of tree,,,,
177AD,thin,,,,
177AE,furniture,,,,
177AF,a kind of tree,,,,
177B0,faith,,,,
177B1,fragrant,,,,
177B2,to collapse,,,,
177B3,winding corridor,,,,
177B4,a kind of tree,,,,
177B5,wooden framework,,,,
177B6,rake,,,,
177B7,fort,,,,
177B8,a kind of tree,,,,
177B9,,,,,
177BA,broom,,,,
177BB,jaw,,,,
177BC,to light a torch,,,,
177BD,to burst,,,,
177BE,be destroyed,,,,
177BF,brittle,,,,
177C0,mortgage,,,,
177C1,wine,,,,
177C2,skeleton,,,,
177C3,to play,,,,
177C4,pine,,,,
177C5,a kind of tree,,,,
177C6,,,,,
177C7,tea,,,,
177C8,a kind of tree,,,,
177C9,nipple,,,,
177CA,wood used to make saddle,,,,
177CB,roof beam,,,,
177CC,to hold,,,,
177CD,Chinese crab apple,,,,
177CE,winding corridor,,,,
177CF,ghost,,,,
177D0,tangerine,,,,
177D1,a kind of tree,,,,
177D2,cypress,,,,
177D3,a transliteration,,,,
177D4,vehicle,,,,
177D5,a transliteration,,,,
177D6,a kind of vegetable,,,,
177D7,sled,,,,
177D8,to bake,,,,
177D9,to burn,,,,
177DA,flame,,,,
177DB,leaf,,,,
177DC,rapid speed,,,,
177DD,"deerhorn, antler",,,,
177DE,to boil,,,,
177DF,bottom,,,,
177E0,to prepare,,,,
177E1,to sell,,,,
177E2,to grant,,,,
177E3,to repent,,,,
177E4,to whisk or wipe off,,,,
177E5,to reduce,,,,
177E6,luck,,,,
177E7,to gain,,,,
177E8,to take,,,,
177E9,a transliteration,,,,
177EA,fat,,,,
177EB,to borrow,,,,
177EC,to hold or carry in both hands,,,,
177ED,should,,,,
177EE,to rob,,,,
177EF,to hold,,,,
177F0,to like the new and loathe the old,,,,
177F1,today,,,,
177F2,speech,,,,
177F3,speech,,,,
177F4,oral cavity,,,,
177F5,a transliteration,,,,
177F6,emolument,,,,
177F7,former,,,,
177F8,palate,,,,
177F9,language,,,,
177FA,suggestion,,,,
177FB,to make,,,,
177FC,to reply,,,,
177FD,rude,,,,
177FE,to cry,,,,
177FF,servant,,,,
17800,plan,,,,
17801,victory,,,,
17802,stagnant,,,,
17803,saliva,,,,
17804,to distribute food,,,,
17805,to distribute food,,,,
17806,thunderbolt,,,,
17807,to eat,,,,
17808,to eat,,,,
17809,lips,,,,
1780A,a transliteration,,,,
1780B,to instigate,,,,
1780C,to vomit,,,,
1780D,net,,,,
1780E,meat stuffing,,,,
1780F,throat,,,,
17810,to expand,,,,
17811,to bite,,,,
17812,tall,,,,
17813,binder,,,,
17814,to send,,,,
17815,a transliteration,,,,
17816,to accuse falsely,,,,
17817,thunderbolt,,,,
17818,to eat,,,,
17819,a kind of disease in nose,,,,
1781A,big,,,,
1781B,to swallow,,,,
1781C,to shout,,,,
1781D,a transliteration,,,,
1781E,to swallow,,,,
1781F,to slaughter,,,,
17820,banquet,,,,
17821,below,,,,
17822,fear,,,,
17823,to eat,,,,
17824,to feast,,,,
17825,to select,,,,
17826,to feed,,,,
17827,a surname,,,,
17828,saliva,,,,
17829,to feed,,,,
1782A,to command,,,,
1782B,hungry,,,,
1782C,,,,,
1782D,to shout,,,,
1782E,entertainment,,,,
1782F,to instigate,,,,
17830,to drink,,,,
17831,to shout,,,,
17832,to mix,,,,
17833,whistle,,,,
17834,a transliteration,,,,
17835,thirst,,,,
17836,to penetrate,,,,
17837,to distinguish,,,,
17838,to smile,,,,
17839,to teach,,,,
1783A,hobby,,,,
1783B,to stutter,,,,
1783C,tasty,,,,
1783D,elder brother,,,,
1783E,to cough,,,,
1783F,to feed,,,,
17840,to be greedy for money or food,,,,
17841,a round flat cake,,,,
17842,to roar,,,,
17843,incomplete,,,,
17844,to drink,,,,
17845,to eat,,,,
17846,to sprinkle,,,,
17847,food,,,,
17848,to cry,,,,
17849,to instigate,,,,
1784A,to swallow,,,,
1784B,to cry,,,,
1784C,,,,,
1784D,to spit,,,,
1784E,fragrant,,,,
1784F,fragrant,,,,
17850,to interrogate,,,,
17851,to scatter,,,,
17852,a kind of food like cake,,,,
17853,a transliteration,,,,
17854,to oath,,,,
17855,to breast-feed,,,,
17856,fat,,,,
17857,chicken,,,,
17858,frivolous,,,,
17859,to extol,,,,
1785A,fast,,,,
1785B,coriander,,,,
1785C,to offer a sacrifice,,,,
1785D,how about,,,,
1785E,thousand,,,,
1785F,,,,,
17860,to seek,,,,
17861,soft,,,,
17862,to look for,,,,
17863,to weight,,,,
17864,to seek,,,,
17865,whip,,,,
17866,a necklace of precious stones,,,,
17867,to conceal,,,,
17868,to help,,,,
17869,grey,,,,
1786A,limitation,,,,
1786B,daughter-in-law,,,,
1786C,posture,,,,
1786D,poetry,,,,
1786E,dignified,,,,
1786F,strange,,,,
17870,a surname,,,,
17871,thin,,,,
17872,,,,,
17873,beautiful,,,,
17874,river,,,,
17875,to smile,,,,
17876,a suffix,,,,
17877,wonderful,,,,
17878,daughter-in-law,,,,
17879,to like,,,,
1787A,to explain,,,,
1787B,excrement,,,,
1787C,to help,,,,
1787D,insect dung,,,,
1787E,to like,,,,
1787F,drop,,,,
17880,hair,,,,
17881,to seek,,,,
17882,Chinese parasol tree,,,,
17883,to rise,,,,
17884,side,,,,
17885,clean,,,,
17886,a surname,,,,
17887,ditch,,,,
17888,village,,,,
17889,a skilled workman,,,,
1788A,dung,,,,
1788B,to give birth,,,,
1788C,dung,,,,
1788D,auspicious,,,,
1788E,to murder,,,,
1788F,to die,,,,
17890,grave,,,,
17891,disease,,,,
17892,horse disease,,,,
17893,stutter,,,,
17894,to die,,,,
17895,to lose,,,,
17896,coma,,,,
17897,hell,,,,
17898,to live,,,,
17899,stuffy,,,,
1789A,cow disease,,,,
1789B,ghost,,,,
1789C,to die,,,,
1789D,to be frightened,,,,
1789E,devil,,,,
1789F,disaster,,,,
178A0,boring,,,,
178A1,coma,,,,
178A2,grave,,,,
178A3,to die,,,,
178A4,grave,,,,
178A5,captivation by witchcraft,,,,
178A6,flag,,,,
178A7,to be frightened,,,,
178A8,human being,,,,
178A9,a surname,,,,
178AA,majestic,,,,
178AB,cheese,,,,
178AC,to amass,,,,
178AD,nine,,,,
178AE,word,,,,
178AF,tongue,,,,
178B0,a surname,,,,
178B1,to teach,,,,
178B2,happy,,,,
178B3,Buddha,,,,
178B4,to shout,,,,
178B5,to raise,,,,
178B6,circle,,,,
178B7,fresh,,,,
178B8,mouth,,,,
178B9,to salute,,,,
178BA,before,,,,
178BB,a surname,,,,
178BC,upright,,,,
178BD,,,,,
178BE,alone,,,,
178BF,a transliteration,,,,
178C0,a surname,,,,
178C1,,,,,
178C2,a kind of shell which looks like a jade,,,,
178C3,word,,,,
178C4,what,,,,
178C5,a surname,,,,
178C6,a transliteration,,,,
178C7,the third of the Eight Trigrams,,,,
178C8,to go out,,,,
178C9,thick,,,,
178CA,I,,,,
178CB,enemy,,,,
178CC,to understand,,,,
178CD,to worry,,,,
178CE,water spring,,,,
178CF,physique,,,,
178D0,very fast,,,,
178D1,a surname,,,,
178D2,round,,,,
178D3,hard,,,,
178D4,stupid,,,,
178D5,human being,,,,
178D6,familiar,,,,
178D7,to do,,,,
178D8,orphan,,,,
178D9,upright,,,,
178DA,perhaps,,,,
178DB,a surname,,,,
178DC,this,,,,
178DD,a surname,,,,
178DE,to milk (a livestock),,,,
178DF,divination,,,,
178E0,a surname,,,,
178E1,a surname,,,,
178E2,bamboo or twig fence,,,,
178E3,food and drink,,,,
178E4,border,,,,
178E5,to rise,,,,
178E6,to attend,,,,
178E7,thin,,,,
178E8,clothing,,,,
178E9,to rely on,,,,
178EA,urine,,,,
178EB,small,,,,
178EC,to do,,,,
178ED,a surname,,,,
178EE,a surname,,,,
178EF,level,,,,
178F0,,,,,
178F1,to cover,,,,
178F2,line,,,,
178F3,to write,,,,
178F4,a surname,,,,
178F5,a surname,,,,
178F6,children,,,,
178F7,full,,,,
178F8,death,,,,
178F9,a surname,,,,
178FA,snake,,,,
178FB,to add,,,,
178FC,morals,,,,
178FD,to love,,,,
178FE,centre,,,,
178FF,face,,,,
17900,life,,,,
17901,six,,,,
17902,complete,,,,
17903,to stutter,,,,
17904,to ask,,,,
17905,to bring up,,,,
17906,a surname,,,,
17907,to obey,,,,
17908,to give birth,,,,
17909,a surname,,,,
1790A,to plot,,,,
1790B,not,,,,
1790C,sincere,,,,
1790D,anger,,,,
1790E,to irrigate,,,,
1790F,mallet,,,,
17910,to combine,,,,
17911,to attack by words,,,,
17912,age,,,,
17913,beautiful,,,,
17914,to dance,,,,
17915,to burst,,,,
17916,swift,,,,
17917,,,,,
17918,,,,,
17919,native place,,,,
1791A,dirty,,,,
1791B,a surname,,,,
1791C,ball,,,,
1791D,to know,,,,
1791E,tent,,,,
1791F,to select,,,,
17920,,,,,
17921,a surname,,,,
17922,below,,,,
17923,hook,,,,
17924,to count,,,,
17925,vast,,,,
17926,a surname,,,,
17927,it,,,,
17928,timid,,,,
17929,a surname,,,,
1792A,to ring,,,,
1792B,house,,,,
1792C,to unite,,,,
1792D,a surname,,,,
1792E,eloquence,,,,
1792F,to cry,,,,
17930,vinegar,,,,
17931,scheme,,,,
17932,to ridicule,,,,
17933,surname,,,,
17934,senior,,,,
17935,to tie,,,,
17936,heart,,,,
17937,life,,,,
17938,to play,,,,
17939,a surname,,,,
1793A,abrupt,,,,
1793B,flower,,,,
1793C,night,,,,
1793D,to think,,,,
1793E,elder brother,,,,
1793F,a surname,,,,
17940,scabies,,,,
17941,above,,,,
17942,house,,,,
17943,four,,,,
17944,often,,,,
17945,,,,,
17946,stars,,,,
17947,boy,,,,
17948,cooperation,,,,
17949,to detest,,,,
1794A,stunned,,,,
1794B,to blow,,,,
1794C,emissary,,,,
1794D,post,,,,
1794E,benefit,,,,
1794F,dumbness,,,,
17950,tail,,,,
17951,a surname,,,,
17952,sorrowful,,,,
17953,illness,,,,
17954,to have,,,,
17955,to tie,,,,
17956,to flog,,,,
17957,man of wealth,,,,
17958,to smear,,,,
17959,steed,,,,
1795A,to give birth,,,,
1795B,bone,,,,
1795C,a surname,,,,
1795D,servant,,,,
1795E,to rescue,,,,
1795F,to seduce,,,,
17960,an old and well-known family,,,,
17961,a surname,,,,
17962,a surname,,,,
17963,to stand up,,,,
17964,to know,,,,
17965,evil,,,,
17966,head,,,,
17967,repetition,,,,
17968,bright,,,,
17969,to meet,,,,
1796A,to teach,,,,
1796B,light,,,,
1796C,a surname,,,,
1796D,to carry off,,,,
1796E,skill,,,,
1796F,to wear,,,,
17970,a transliteration,,,,
17971,selfishness,,,,
17972,to go through,,,,
17973,rapid,,,,
17974,a surname,,,,
17975,a surname,,,,
17976,a surname,,,,
17977,color,,,,
17978,to cry,,,,
17979,crowd,,,,
1797A,to chant incantation,,,,
1797B,a surname,,,,
1797C,monk,,,,
1797D,a surname,,,,
1797E,skill,,,,
1797F,wizard,,,,
17980,a transliteration,,,,
17981,to harm,,,,
17982,calm,,,,
17983,a surname,,,,
17984,to fear,,,,
17985,difficult,,,,
17986,a surname,,,,
17987,must,,,,
17988,to penetrate,,,,
17989,wife,,,,
1798A,to watch,,,,
1798B,carriage,,,,
1798C,mute,,,,
1798D,close,,,,
1798E,to flow,,,,
1798F,a surname,,,,
17990,an insect name,,,,
17991,clear,,,,
17992,face,,,,
17993,a surname,,,,
17994,servant,,,,
17995,thatched cottage,,,,
17996,palace,,,,
17997,man,,,,
17998,quiet,,,,
17999,pure; celestial being,,,,
1799A,to chop,,,,
1799B,to extrude,,,,
1799C,to say,,,,
1799D,close relative,,,,
1799E,to kowtow,,,,
1799F,vigor,,,,
179A0,to detest,,,,
179A1,relatives,,,,
179A2,to survey,,,,
179A3,to surpass,,,,
179A4,to wait,,,,
179A5,divination,,,,
179A6,wrist,,,,
179A7,spirit,,,,
179A8,to contract,,,,
179A9,to infect,,,,
179AA,to roll up,,,,
179AB,cause,,,,
179AC,common,,,,
179AD,to eliminate,,,,
179AE,to escape,,,,
179AF,a surname,,,,
179B0,a surname,,,,
179B1,a surname,,,,
179B2,a hundred million,,,,
179B3,host,,,,
179B4,coal,,,,
179B5,big,,,,
179B6,to abandon,,,,
179B7,before,,,,
179B8,what,,,,
179B9,visitor,,,,
179BA,a surname,,,,
179BB,name,,,,
179BC,a surname,,,,
179BD,baby,,,,
179BE,to see,,,,
179BF,border,,,,
179C0,only,,,,
179C1,scholar,,,,
179C2,,,,,
179C3,to manage,,,,
179C4,,,,,
179C5,an emperor calls himself,,,,
179C6,stupid,,,,
179C7,a surname,,,,
179C8,to urinate,,,,
179C9,skill,,,,
179CA,to be born,,,,
179CB,respect,,,,
179CC,beautiful,,,,
179CD,body,,,,
179CE,sisters,,,,
179CF,to have,,,,
179D0,to untie,,,,
179D1,to break off with the fingers and thumb,,,,
179D2,birthplace,,,,
179D3,I,,,,
179D4,a surname,,,,
179D5,tax,,,,
179D6,many,,,,
179D7,to prohibit,,,,
179D8,justice,,,,
179D9,easy,,,,
179DA,to hide,,,,
179DB,to select,,,,
179DC,marrow,,,,
179DD,to realize,,,,
179DE,enlightenment,,,,
179DF,to hate,,,,
179E0,to desire,,,,
179E1,to palpitate,,,,
179E2,Hunnu people,,,,
179E3,tomorrow,,,,
179E4,to break off,,,,
179E5,long,,,,
179E6,I,,,,
179E7,to spoil (a child),,,,
179E8,to go,,,,
179E9,a surname,,,,
179EA,first,,,,
179EB,window,,,,
179EC,to grow up,,,,
179ED,a surname,,,,
179EE,land,,,,
179EF,to hold,,,,
179F0,to open wide,,,,
179F1,a surname,,,,
179F2,skilful,,,,
179F3,to twine,,,,
179F4,to abandon,,,,
179F5,to prick,,,,
179F6,whispered,,,,
179F7,space,,,,
179F8,many,,,,
179F9,disaster,,,,
179FA,proficient,,,,
179FB,a surname,,,,
179FC,complete,,,,
179FD,to astonish,,,,
179FE,emperor,,,,
179FF,to smear,,,,
17A00,to abandon,,,,
17A01,up,,,,
17A02,to gain,,,,
17A03,foolish,,,,
17A04,achievement,,,,
17A05,frivolous,,,,
17A06,servant,,,,
17A07,to steal,,,,
17A08,to reward,,,,
17A09,to listen,,,,
17A0A,gallbladder,,,,
17A0B,three days later,,,,
17A0C,to guard,,,,
17A0D,flower,,,,
17A0E,to count,,,,
17A0F,insect dung,,,,
17A10,to drink,,,,
17A11,a transliteration,,,,
17A12,a surname,,,,
17A13,net,,,,
17A14,breast,,,,
17A15,leprosy,,,,
17A16,to hide,,,,
17A17,harmonious,,,,
17A18,witticism,,,,
17A19,to bear (a burden),,,,
17A1A,eyes,,,,
17A1B,to arise,,,,
17A1C,longevity,,,,
17A1D,body,,,,
17A1E,a surname,,,,
17A1F,oblique,,,,
17A20,,,,,
17A21,trough,,,,
17A22,,,,,
17A23,to agree on,,,,
17A24,ceremony,,,,
17A25,an auxiliary word,,,,
17A26,pellet,,,,
17A27,foolish,,,,
17A28,to circle,,,,
17A29,a surname,,,,
17A2A,tangerine,,,,
17A2B,to manage,,,,
17A2C,narrow,,,,
17A2D,disease,,,,
17A2E,song,,,,
17A2F,skill,,,,
17A30,to weave,,,,
17A31,auspicious,,,,
17A32,,,,,
17A33,to return,,,,
17A34,a transliteration,,,,
17A35,a surname,,,,
17A36,to cry,,,,
17A37,slowly,,,,
17A38,close,,,,
17A39,pleased,,,,
17A3A,empress dowager,,,,
17A3B,to do,,,,
17A3C,a transliteration,,,,
17A3D,a transliteration,,,,
17A3E,sorrowful,,,,
17A3F,to stop,,,,
17A40,a kind of bird,,,,
17A41,willow,,,,
17A42,spirit,,,,
17A43,pointed end,,,,
17A44,a surname,,,,
17A45,a surname,,,,
17A46,land,,,,
17A47,a surname,,,,
17A48,to command,,,,
17A49,palace,,,,
17A4A,ancestor,,,,
17A4B,merits and achievements,,,,
17A4C,a surname,,,,
17A4D,to own,,,,
17A4E,scheme,,,,
17A4F,target,,,,
17A50,husband and wife,,,,
17A51,food and drink,,,,
17A52,to suppress,,,,
17A53,a kind of vegetable,,,,
17A54,shining,,,,
17A55,a transliteration,,,,
17A56,weapon,,,,
17A57,law,,,,
17A58,,,,,
17A59,a surname,,,,
17A5A,to exist,,,,
17A5B,to say,,,,
17A5C,to cure,,,,
17A5D,horn,,,,
17A5E,down,,,,
17A5F,age,,,,
17A60,luxuriant,,,,
17A61,a surname,,,,
17A62,to harness,,,,
17A63,to scatter,,,,
17A64,in the past,,,,
17A65,a transliteration,,,,
17A66,spade,,,,
17A67,mould,,,,
17A68,color,,,,
17A69,a surname,,,,
17A6A,great-great-grandson,,,,
17A6B,woman,,,,
17A6C,knowledge,,,,
17A6D,the first month,,,,
17A6E,barbarian,,,,
17A6F,clear,,,,
17A70,to pass,,,,
17A71,can,,,,
17A72,host,,,,
17A73,to pull,,,,
17A74,good,,,,
17A75,a place name,,,,
17A76,frivolous,,,,
17A77,gadfly,,,,
17A78,upright,,,,
17A79,now,,,,
17A7A,,,,,
17A7B,to tribute,,,,
17A7C,to cherish,,,,
17A7D,filthy,,,,
17A7E,extremely,,,,
17A7F,a surname,,,,
17A80,to watch,,,,
17A81,,,,,
17A82,mother's brother,,,,
17A83,to draw (a bow),,,,
17A84,,,,,
17A85,hat,,,,
17A86,to think,,,,
17A87,to sink,,,,
17A88,gadfly,,,,
17A89,nephew,,,,
17A8A,plate,,,,
17A8B,rank,,,,
17A8C,a surname,,,,
17A8D,vulture,,,,
17A8E,to force,,,,
17A8F,a surname,,,,
17A90,person,,,,
17A91,circle,,,,
17A92,inner,,,,
17A93,skilful,,,,
17A94,hedgehog,,,,
17A95,to count,,,,
17A96,to seethe,,,,
17A97,to shiver,,,,
17A98,before,,,,
17A99,vulgar,,,,
17A9A,peaceful,,,,
17A9B,to publicize,,,,
17A9C,origin,,,,
17A9D,to struggle,,,,
17A9E,ashamed,,,,
17A9F,the beginning of,,,,
17AA0,evening,,,,
17AA1,to dress,,,,
17AA2,hair worn in a bun or coil,,,,
17AA3,conceited,,,,
17AA4,humble,,,,
17AA5,,,,,
17AA6,scar,,,,
17AA7,thin,,,,
17AA8,a transliteration,,,,
17AA9,physical strength of arms,,,,
17AAA,clear,,,,
17AAB,a surname,,,,
17AAC,night,,,,
17AAD,ago,,,,
17AAE,new,,,,
17AAF,wife,,,,
17AB0,,,,,
17AB1,round bone,,,,
17AB2,to summon (for surrender),,,,
17AB3,to teach,,,,
17AB4,rain,,,,
17AB5,hat,,,,
17AB6,a transliteration,,,,
17AB7,a kind of bird,,,,
17AB8,radish,,,,
17AB9,a surname,,,,
17ABA,power,,,,
17ABB,oath,,,,
17ABC,mirror,,,,
17ABD,to gather,,,,
17ABE,loose,,,,
17ABF,a surname,,,,
17AC0,abundant,,,,
17AC1,power,,,,
17AC2,an affix,,,,
17AC3,a surname,,,,
17AC4,a surname,,,,
17AC5,radish,,,,
17AC6,,,,,
17AC7,nit,,,,
17AC8,this morning,,,,
17AC9,entertainment,,,,
17ACA,suddenly,,,,
17ACB,to separate,,,,
17ACC,family,,,,
17ACD,a transliteration,,,,
17ACE,maidservant,,,,
17ACF,the young,,,,
17AD0,a surname,,,,
17AD1,livestock,,,,
17AD2,a surname,,,,
17AD3,levity; to play (?),,,,
17AD4,many,,,,
17AD5,to ripple,,,,
17AD6,even,,,,
17AD7,window,,,,
17AD8,,,,,
17AD9,wrestling,,,,
17ADA,circle,,,,
17ADB,to sing,,,,
17ADC,a kind of vegetable,,,,
17ADD,,,,,
17ADE,to stand up,,,,
17ADF,front of a garment,,,,
17AE0,to lie down,,,,
17AE1,to arrive,,,,
17AE2,to cast,,,,
17AE3,to change,,,,
17AE4,many,,,,
17AE5,ten,,,,
17AE6,to study,,,,
17AE7,custom,,,,
17AE8,to enlighten,,,,
17AE9,to give up,,,,
17AEA,,,,,
17AEB,rank,,,,
17AEC,suffering,,,,
17AED,to sing,,,,
17AEE,a transliteration,,,,
17AEF,origin,,,,
17AF0,a transliteration,,,,
17AF1,dangerous,,,,
17AF2,a surname,,,,
17AF3,to injure,,,,
17AF4,fruit,,,,
17AF5,nightmare,,,,
17AF6,adverb,,,,
17AF7,a place name,,,,
17AF8,to repeat,,,,
17AF9,to struggle,,,,
17AFA,,,,,
17AFB,to live,,,,
17AFC,a kind of grass,,,,
17AFD,musk deer,,,,
17AFE,hare,,,,
17AFF,used,,,,
17B00,to hide,,,,
17B01,to stop,,,,
17B02,to twine,,,,
17B03,intention,,,,
17B04,a surname,,,,
17B05,couple,,,,
17B06,a surname,,,,
17B07,entertainment,,,,
17B08,entertainment,,,,
17B09,mustard,,,,
17B0A,a surname,,,,
17B0B,a surname,,,,
17B0C,a transliteration,,,,
17B0D,silk,,,,
17B0E,villain,,,,
17B0F,third,,,,
17B10,a transliteration,,,,
17B11,a surname,,,,
17B12,a surname,,,,
17B13,lightning,,,,
17B14,lightning,,,,
17B15,dark,,,,
17B16,beast,,,,
17B17,land,,,,
17B18,to spread,,,,
17B19,that,,,,
17B1A,to bask,,,,
17B1B,soft-shelled turtle,,,,
17B1C,to fill in,,,,
17B1D,shield,,,,
17B1E,to bask,,,,
17B1F,to expose to sunlight,,,,
17B20,a transliteration,,,,
17B21,a transliteration,,,,
17B22,firm,,,,
17B23,little livestock,,,,
17B24,foundation,,,,
17B25,the sun,,,,
17B26,musical instrument; a surname (?),,,,
17B27,to burn,,,,
17B28,to seek,,,,
17B29,commandment,,,,
17B2A,bright,,,,
17B2B,surface,,,,
17B2C,ever,,,,
17B2D,a surname,,,,
17B2E,diligent,,,,
17B2F,to listen,,,,
17B30,male,,,,
17B31,loyal,,,,
17B32,a transliteration,,,,
17B33,outer,,,,
17B34,equal,,,,
17B35,to float,,,,
17B36,to step on,,,,
17B37,a kind of silk gauze,,,,
17B38,yarn,,,,
17B39,silk,,,,
17B3A,yarn,,,,
17B3B,brocade,,,,
17B3C,silk,,,,
17B3D,,,,,
17B3E,silk,,,,
17B3F,tough silk,,,,
17B40,silk,,,,
17B41,shell,,,,
17B42,mixed silk,,,,
17B43,a kind of bird,,,,
17B44,satin,,,,
17B45,silk,,,,
17B46,mound,,,,
17B47,shin,,,,
17B48,to overflow,,,,
17B49,to fall,,,,
17B4A,an auxiliary word,,,,
17B4B,a horse with white trotters,,,,
17B4C,shin,,,,
17B4D,to go,,,,
17B4E,to fall,,,,
17B4F,fetters,,,,
17B50,proper,,,,
17B51,fetters,,,,
17B52,foot,,,,
17B53,shoes,,,,
17B54,to trample,,,,
17B55,,,,,
17B56,threshold,,,,
17B57,boots,,,,
17B58,shin,,,,
17B59,to extract,,,,
17B5A,fetters,,,,
17B5B,heel,,,,
17B5C,lameness,,,,
17B5D,bottom,,,,
17B5E,step,,,,
17B5F,convulsion,,,,
17B60,a transliteration,,,,
17B61,line,,,,
17B62,to support,,,,
17B63,to pad,,,,
17B64,incomplete,,,,
17B65,incomplete,,,,
17B66,,,,,
17B67,smash,,,,
17B68,unreal image,,,,
17B69,foolish,,,,
17B6A,an auxiliary word,,,,
17B6B,a surname,,,,
17B6C,a kind of insect,,,,
17B6D,,,,,
17B6E,down,,,,
17B6F,a surname,,,,
17B70,,,,,
17B71,old sheep,,,,
17B72,a kind of animal,,,,
17B73,lamb,,,,
17B74,a surname,,,,
17B75,wool,,,,
17B76,to decline,,,,
17B77,old sheep,,,,
17B78,to combine,,,,
17B79,drum,,,,
17B7A,to compare,,,,
17B7B,to wait,,,,
17B7C,bright,,,,
17B7D,to know,,,,
17B7E,transparent,,,,
17B7F,to rub,,,,
17B80,intelligent,,,,
17B81,to sing praises of,,,,
17B82,dexterous,,,,
17B83,whistling arrow,,,,
17B84,to ask,,,,
17B85,many,,,,
17B86,arrow,,,,
17B87,rattle of a drum,,,,
17B88,frost,,,,
17B89,to wait,,,,
17B8A,Mongolian gazelle,,,,
17B8B,to perforate,,,,
17B8C,man and his wife's brother,,,,
17B8D,to tattoo the face (as a punishment),,,,
17B8E,feast,,,,
17B8F,to surpass,,,,
17B90,to beg,,,,
17B91,,,,,
17B92,to puzzle,,,,
17B93,to detest,,,,
17B94,to shine,,,,
17B95,night,,,,
17B96,a surname,,,,
17B97,,,,,
17B98,food,,,,
17B99,in a soft low voice,,,,
17B9A,urine,,,,
17B9B,to distribute,,,,
17B9C,to meet; to crowd,,,,
17B9D,minced meat,,,,
17B9E,a transliteration,,,,
17B9F,dirty,,,,
17BA0,disaster,,,,
17BA1,cheek,,,,
17BA2,ringworm,,,,
17BA3,rickets,,,,
17BA4,penis,,,,
17BA5,bottom,,,,
17BA6,to make love,,,,
17BA7,scabies,,,,
17BA8,bottom,,,,
17BA9,rib,,,,
17BAA,pus,,,,
17BAB,sore,,,,
17BAC,rickets,,,,
17BAD,chest,,,,
17BAE,nose,,,,
17BAF,the upper part of the human body,,,,
17BB0,liver,,,,
17BB1,to make love,,,,
17BB2,to fry in shallow oil without stirring,,,,
17BB3,kidney,,,,
17BB4,sore,,,,
17BB5,to combine,,,,
17BB6,spleen,,,,
17BB7,rickets,,,,
17BB8,pus,,,,
17BB9,crop (of a bird),,,,
17BBA,lungs,,,,
17BBB,a kind of grass,,,,
17BBC,belly and rib,,,,
17BBD,rib,,,,
17BBE,breast,,,,
17BBF,to combine,,,,
17BC0,a kind of grass,,,,
17BC1,louse,,,,
17BC2,fart,,,,
17BC3,sore,,,,
17BC4,scar,,,,
17BC5,dried meat,,,,
17BC6,to jump,,,,
17BC7,testis,,,,
17BC8,trace,,,,
17BC9,a kind of grass,,,,
17BCA,a transliteration,,,,
17BCB,penis,,,,
17BCC,stinking,,,,
17BCD,,,,,
17BCE,pudendum,,,,
17BCF,maggot,,,,
17BD0,to strive,,,,
17BD1,to tie and strap something tightly,,,,
17BD2,a transliteration,,,,
17BD3,to tie and strap something tightly,,,,
17BD4,vexed,,,,
17BD5,to cut off,,,,
17BD6,to cut,,,,
17BD7,to change,,,,
17BD8,to tread,,,,
17BD9,,,,,
17BDA,to do forced labor,,,,
17BDB,,,,,
17BDC,to change,,,,
17BDD,to translate,,,,
17BDE,to ring,,,,
17BDF,to hear,,,,
17BE0,,,,,
17BE1,,,,,
17BE2,to cut,,,,
17BE3,,,,,
17BE4,to cut,,,,
17BE5,,,,,
17BE6,a surname,,,,
17BE7,chimney,,,,
17BE8,world,,,,
17BE9,each,,,,
17BEA,clumsy,,,,
17BEB,to catch,,,,
17BEC,nose bolt,,,,
17BED,peaceful and happy,,,,
17BEE,same,,,,
17BEF,clumsy,,,,
17BF0,tail,,,,
17BF1,to ripple,,,,
17BF2,to invade,,,,
17BF3,luxuriant,,,,
17BF4,below,,,,
17BF5,to destroy,,,,
17BF6,a surname,,,,
17BF7,emperor,,,,
17BF8,stunned,,,,
17BF9,to catch,,,,
17BFA,knife,,,,
17BFB,,,,,
17BFC,to burn,,,,
17BFD,wonderful,,,,
17BFE,Mongolian gazelle,,,,
17BFF,luxuriant,,,,
17C00,open,,,,
17C01,can,,,,
17C02,a transliteration,,,,
17C03,salt,,,,
17C04,a surname,,,,
17C05,a transliteration,,,,
17C06,deer,,,,
17C07,to call,,,,
17C08,a surname,,,,
17C09,wine,,,,
17C0A,beast,,,,
17C0B,a kind of silk,,,,
17C0C,a kind of grass,,,,
17C0D,to be worried about,,,,
17C0E,young deer,,,,
17C0F,death,,,,
17C10,death,,,,
17C11,heavy,,,,
17C12,rapid,,,,
17C13,how,,,,
17C14,a surname,,,,
17C15,many,,,,
17C16,to gather,,,,
17C17,ten,,,,
17C18,entertainment,,,,
17C19,circle,,,,
17C1A,a unit of weight,,,,
17C1B,to cross,,,,
17C1C,origin,,,,
17C1D,frog,,,,
17C1E,dark,,,,
17C1F,ground,,,,
17C20,to collect,,,,
17C21,source,,,,
17C22,a place name,,,,
17C23,how many,,,,
17C24,clear,,,,
17C25,garden,,,,
17C26,dim,,,,
17C27,a unit of length,,,,
17C28,an old-fashioned long narrow table or desk,,,,
17C29,pillow,,,,
17C2A,copulation,,,,
17C2B,dark,,,,
17C2C,a surname,,,,
17C2D,ten,,,,
17C2E,to die young,,,,
17C2F,to flatter,,,,
17C30,a surname,,,,
17C31,to happen,,,,
17C32,,,,,
17C33,bear,,,,
17C34,toil,,,,
17C35,dowry,,,,
17C36,,,,,
17C37,to rinse,,,,
17C38,to cut,,,,
17C39,a surname,,,,
17C3A,fast,,,,
17C3B,to fear,,,,
17C3C,to arrange for,,,,
17C3D,wall,,,,
17C3E,wizard,,,,
17C3F,to barter,,,,
17C40,host,,,,
17C41,to call,,,,
17C42,power of arms,,,,
17C43,east,,,,
17C44,case,,,,
17C45,down,,,,
17C46,ox,,,,
17C47,east,,,,
17C48,tiger,,,,
17C49,lack,,,,
17C4A,to roll up,,,,
17C4B,,,,,
17C4C,to free oneself,,,,
17C4D,to sigh sorrowfully,,,,
17C4E,branch,,,,
17C4F,to choke,,,,
17C50,to draw (water),,,,
17C51,burnt,,,,
17C52,a place name,,,,
17C53,close,,,,
17C54,foolish,,,,
17C55,all,,,,
17C56,a kind of clothes,,,,
17C57,a surname,,,,
17C58,boiling,,,,
17C59,clumsy,,,,
17C5A,to hide,,,,
17C5B,appearance,,,,
17C5C,cotton-padded mattress,,,,
17C5D,echo,,,,
17C5E,aerolite,,,,
17C5F,to hide,,,,
17C60,pure,,,,
17C61,a surname,,,,
17C62,an auxiliary word,,,,
17C63,to hide,,,,
17C64,wallet,,,,
17C65,moisture,,,,
17C66,aerolite,,,,
17C67,to think of,,,,
17C68,bedding,,,,
17C69,to obstruct,,,,
17C6A,many,,,,
17C6B,love,,,,
17C6C,devil,,,,
17C6D,a transliteration,,,,
17C6E,to fry batter in a thin layer,,,,
17C6F,to press,,,,
17C70,milk dregs,,,,
17C71,to pay one's debt,,,,
17C72,a surname,,,,
17C73,super,,,,
17C74,mill,,,,
17C75,to boil,,,,
17C76,slow,,,,
17C77,dregs,,,,
17C78,stone,,,,
17C79,heavy,,,,
17C7A,steed,,,,
17C7B,to steal,,,,
17C7C,hole,,,,
17C7D,to prepare,,,,
17C7E,to admire,,,,
17C7F,to wrestle,,,,
17C80,stone roller,,,,
17C81,to collapse,,,,
17C82,to bake,,,,
17C83,to rely on,,,,
17C84,to knit,,,,
17C85,to tie,,,,
17C86,true,,,,
17C87,old,,,,
17C88,a round flat piece of jade with a hole in its centre,,,,
17C89,to have,,,,
17C8A,buttocks,,,,
17C8B,happy,,,,
17C8C,river,,,,
17C8D,full,,,,
17C8E,mill,,,,
17C8F,anger,,,,
17C90,dangerous,,,,
17C91,tiredness,,,,
17C92,to groan,,,,
17C93,to break through,,,,
17C94,pancake,,,,
17C95,button,,,,
17C96,broken,,,,
17C97,full,,,,
17C98,to complain,,,,
17C99,woolens,,,,
17C9A,grave,,,,
17C9B,four,,,,
17C9C,concave,,,,
17C9D,to collapse,,,,
17C9E,hill,,,,
17C9F,ore,,,,
17CA0,hollow,,,,
17CA1,a transliteration,,,,
17CA2,insect,,,,
17CA3,a necklace made by jewellery,,,,
17CA4,stone roller,,,,
17CA5,mortar,,,,
17CA6,to defraud,,,,
17CA7,end,,,,
17CA8,heavy,,,,
17CA9,to curse,,,,
17CAA,a transliteration,,,,
17CAB,to sink,,,,
17CAC,a transliteration,,,,
17CAD,a kind of vegetable,,,,
17CAE,incomplete,,,,
17CAF,to rub,,,,
17CB0,to chop,,,,
17CB1,red sand,,,,
17CB2,brightness,,,,
17CB3,mill,,,,
17CB4,to rub,,,,
17CB5,gourd ladle,,,,
17CB6,to pad,,,,
17CB7,fragrant,,,,
17CB8,to make,,,,
17CB9,stingy,,,,
17CBA,firm,,,,
17CBB,to suppress,,,,
17CBC,to knead,,,,
17CBD,to pull out,,,,
17CBE,macaque,,,,
17CBF,catkin,,,,
17CC0,soft,,,,
17CC1,to fete,,,,
17CC2,fine horse,,,,
17CC3,wall,,,,
17CC4,sky,,,,
17CC5,danger,,,,
17CC6,to lose,,,,
17CC7,mound,,,,
17CC8,target,,,,
17CC9,fields,,,,
17CCA,marshland,,,,
17CCB,to open,,,,
17CCC,that,,,,
17CCD,a kind of grass to make rain cape,,,,
17CCE,to examine,,,,
17CCF,a transliteration,,,,
17CD0,end,,,,
17CD1,hairpin,,,,
17CD2,an auxiliary word,,,,
17CD3,awn,,,,
17CD4,hairpin,,,,
17CD5,crooked,,,,
17CD6,vulture,,,,
17CD7,,,,,
17CD8,to be willing,,,,
17CD9,,,,,
17CDA,collapse,,,,
17CDB,a surname,,,,
17CDC,to regret,,,,
17CDD,month,,,,
17CDE,to beg,,,,
17CDF,a transliteration,,,,
17CE0,net,,,,
17CE1,to need,,,,
17CE2,to agree,,,,
17CE3,to cover,,,,
17CE4,among,,,,
17CE5,to exercise forbearance,,,,
17CE6,even,,,,
17CE7,to make a concession,,,,
17CE8,incomplete,,,,
17CE9,a surname,,,,
17CEA,to ask for aid,,,,
17CEB,to take,,,,
17CEC,to know,,,,
17CED,to execute,,,,
17CEE,curled hair,,,,
17CEF,to wrestle,,,,
17CF0,,,,,
17CF1,that,,,,
17CF2,mountain,,,,
17CF3,to guide,,,,
17CF4,a surname,,,,
17CF5,to speed,,,,
17CF6,a surname,,,,
17CF7,to lure,,,,
17CF8,chess playing,,,,
17CF9,,,,,
17CFA,that,,,,
17CFB,upright,,,,
17CFC,to fall,,,,
17CFD,slope,,,,
17CFE,slope,,,,
17CFF,risky mountainside,,,,
17D00,tall,,,,
17D01,great-great-grandson,,,,
17D02,white,,,,
17D03,two,,,,
17D04,platform,,,,
17D05,dangerous,,,,
17D06,a surname,,,,
17D07,mountain,,,,
17D08,bear,,,,
17D09,interval,,,,
17D0A,to shrink,,,,
17D0B,chapter,,,,
17D0C,that,,,,
17D0D,quail,,,,
17D0E,a kind of grass,,,,
17D0F,to broil,,,,
17D10,urgent,,,,
17D11,calf (of the leg),,,,
17D12,to fear,,,,
17D13,tiger,,,,
17D14,hatred,,,,
17D15,respect,,,,
17D16,enemy,,,,
17D17,to come and go,,,,
17D18,fear,,,,
17D19,elbow,,,,
17D1A,to flog,,,,
17D1B,to contribute,,,,
17D1C,,,,,
17D1D,a kind of jadeware,,,,
17D1E,to revere,,,,
17D1F,father,,,,
17D20,politics,,,,
17D21,doubt,,,,
17D22,to revere,,,,
17D23,to admire,,,,
17D24,sentry,,,,
17D25,a transliteration,,,,
17D26,main points,,,,
17D27,to change,,,,
17D28,to die,,,,
17D29,,,,,
17D2A,to observe,,,,
17D2B,to sing,,,,
17D2C,urn,,,,
17D2D,similarity,,,,
17D2E,kind,,,,
17D2F,,,,,
17D30,a transliteration,,,,
17D31,to cover,,,,
17D32,summer,,,,
17D33,a word means respect,,,,
17D34,peace and happiness,,,,
17D35,brain,,,,
17D36,,,,,
17D37,maternal aunt,,,,
17D38,hair worn in a bun or coil,,,,
17D39,brain,,,,
17D3A,mother,,,,
17D3B,warm,,,,
17D3C,a transliteration,,,,
17D3D,rich,,,,
17D3E,storage,,,,
17D3F,to pray,,,,
17D40,to wish,,,,
17D41,bluish green,,,,
17D42,to crawl,,,,
17D43,dragon,,,,
17D44,steamed bun,,,,
17D45,to crawl,,,,
17D46,to accomplish,,,,
17D47,road,,,,
17D48,market,,,,
17D49,street,,,,
17D4A,ox,,,,
17D4B,to plan,,,,
17D4C,to protect,,,,
17D4D,mixed,,,,
17D4E,grain,,,,
17D4F,brothers,,,,
17D50,safety,,,,
17D51,old man,,,,
17D52,gold,,,,
17D53,wide,,,,
17D54,obvious,,,,
17D55,resources,,,,
17D56,a surname,,,,
17D57,to get,,,,
17D58,road,,,,
17D59,copulation,,,,
17D5A,elephant,,,,
17D5B,a surname,,,,
17D5C,source,,,,
17D5D,hot,,,,
17D5E,cereal,,,,
17D5F,whole,,,,
17D60,matter,,,,
17D61,to wear,,,,
17D62,to look,,,,
17D63,top,,,,
17D64,nature,,,,
17D65,source,,,,
17D66,to pray,,,,
17D67,(silver or gold) ingot,,,,
17D68,dawn,,,,
17D69,a lined Chinese-style coat or jacket,,,,
17D6A,spring,,,,
17D6B,constellation,,,,
17D6C,a transliteration,,,,
17D6D,to earnestly hope,,,,
17D6E,god,,,,
17D6F,branch,,,,
17D70,to offer a sacrifice,,,,
17D71,to observe,,,,
17D72,to get,,,,
17D73,milk,,,,
17D74,stomach,,,,
17D75,spider,,,,
17D76,broad,,,,
17D77,to give up,,,,
17D78,a surname,,,,
17D79,distress,,,,
17D7A,to win,,,,
17D7B,blissful,,,,
17D7C,sister-in-law,,,,
17D7D,beautiful,,,,
17D7E,apron,,,,
17D7F,eyebrow,,,,
17D80,parrot,,,,
17D81,powder,,,,
17D82,cotton,,,,
17D83,a surname,,,,
17D84,camel,,,,
17D85,to guard,,,,
17D86,clever wife,,,,
17D87,yin (in Chinese thought),,,,
17D88,female,,,,
17D89,beautiful,,,,
17D8A,younger sister,,,,
17D8B,wife,,,,
17D8C,,,,,
17D8D,ghost,,,,
17D8E,sister-in-law,,,,
17D8F,imperial concubine,,,,
17D90,younger sister,,,,
17D91,a transliteration,,,,
17D92,,,,,
17D93,a kind of bird,,,,
17D94,hat,,,,
17D95,a transliteration,,,,
17D96,a transliteration,,,,
17D97,heavy,,,,
17D98,ashamed,,,,
17D99,very close relative,,,,
17D9A,relatives,,,,
17D9B,brother-in-law,,,,
17D9C,a surname,,,,
17D9D,multicolor,,,,
17D9E,to reveal,,,,
17D9F,etiquette,,,,
17DA0,to sit,,,,
17DA1,a transliteration,,,,
17DA2,anger,,,,
17DA3,a surname,,,,
17DA4,felt,,,,
17DA5,to collapse,,,,
17DA6,equality,,,,
17DA7,bed,,,,
17DA8,to reach,,,,
17DA9,land,,,,
17DAA,roller,,,,
17DAB,exhausted,,,,
17DAC,,,,,
17DAD,stand,,,,
17DAE,to jump,,,,
17DAF,imperial carriage,,,,
17DB0,to expose,,,,
17DB1,to wait upon,,,,
17DB2,to flee,,,,
17DB3,to look,,,,
17DB4,to puff,,,,
17DB5,to mate,,,,
17DB6,to traffic,,,,
17DB7,to go toward,,,,
17DB8,to sell,,,,
17DB9,to go toward,,,,
17DBA,to blow,,,,
17DBB,to accompany,,,,
17DBC,a kind of insect,,,,
17DBD,slight,,,,
17DBE,to go,,,,
17DBF,to go toward,,,,
17DC0,to weave,,,,
17DC1,far,,,,
17DC2,to pursue,,,,
17DC3,to fight,,,,
17DC4,to get over,,,,
17DC5,curtain,,,,
17DC6,to make,,,,
17DC7,to flatter,,,,
17DC8,a transliteration,,,,
17DC9,the moon,,,,
17DCA,a transliteration,,,,
17DCB,,,,,
17DCC,to run,,,,
17DCD,jokes,,,,
17DCE,to separate,,,,
17DCF,to offer,,,,
17DD0,to expel,,,,
17DD1,sensitive,,,,
17DD2,,,,,
17DD3,a transliteration,,,,
17DD4,a transliteration,,,,
17DD5,all over,,,,
17DD6,to give alms,,,,
17DD7,a transliteration,,,,
17DD8,to drive,,,,
17DD9,colt,,,,
17DDA,fog,,,,
17DDB,to expel,,,,
17DDC,to send back,,,,
17DDD,not yet,,,,
17DDE,to cause an abortion,,,,
17DDF,drought,,,,
17DE0,thunder,,,,
17DE1,to feed,,,,
17DE2,to feed,,,,
17DE3,to eliminate,,,,
17DE4,shoulder,,,,
17DE5,angry,,,,
17DE6,to overflow,,,,
17DE7,to crawl,,,,
17DE8,,,,,
17DE9,prison,,,,
17DEA,to exert,,,,
17DEB,annoyance,,,,
17DEC,servant,,,,
17DED,a transliteration,,,,
17DEE,a surname,,,,
17DEF,to chew,,,,
17DF0,to refuse,,,,
17DF1,benefaction,,,,
17DF2,a transliteration,,,,
17DF3,to measure,,,,
17DF4,to inspect,,,,
17DF5,tired,,,,
17DF6,,,,,
17DF7,to break,,,,
17DF8,son,,,,
17DF9,to kick,,,,
17DFA,former times,,,,
17DFB,equality,,,,
17DFC,to defeat,,,,
17DFD,,,,,
17DFE,to wait upon,,,,
17DFF,grey,,,,
17E00,appointment,,,,
17E01,firm,,,,
17E02,timid,,,,
17E03,the fourth of the ten Heaven Stems,,,,
17E04,timid,,,,
17E05,to repeat,,,,
17E06,strong,,,,
17E07,steps,,,,
17E08,a transliteration,,,,
17E09,horse shoulder,,,,
17E0A,mallet,,,,
17E0B,heavy,,,,
17E0C,to know,,,,
17E0D,diligent,,,,
17E0E,to burst,,,,
17E0F,to abandon,,,,
17E10,diligent,,,,
17E11,roller,,,,
17E12,a preposition,,,,
17E13,enemy,,,,
17E14,stop,,,,
17E15,half,,,,
17E16,a surname,,,,
17E17,to chop,,,,
17E18,nothing,,,,
17E19,to cut,,,,
17E1A,thin,,,,
17E1B,coma,,,,
17E1C,a kind of vegetable,,,,
17E1D,dizzy,,,,
17E1E,wither,,,,
17E1F,,,,,
17E20,,,,,
17E21,to make love,,,,
17E22,a transliteration,,,,
17E23,a transliteration,,,,
17E24,a transliteration,,,,
17E25,to mate,,,,
17E26,human being,,,,
17E27,to move back,,,,
17E28,seven,,,,
17E29,child,,,,
17E2A,the eighth,,,,
17E2B,to do,,,,
17E2C,to hear,,,,
17E2D,to quarrel,,,,
17E2E,host,,,,
17E2F,benevolence,,,,
17E30,a surname,,,,
17E31,son and daughter,,,,
17E32,to give birth,,,,
17E33,widowed,,,,
17E34,spring,,,,
17E35,season,,,,
17E36,to change irregularly,,,,
17E37,to frighten,,,,
17E38,to look into,,,,
17E39,a surname,,,,
17E3A,felt,,,,
17E3B,weak,,,,
17E3C,to make,,,,
17E3D,not,,,,
17E3E,bald,,,,
17E3F,tired,,,,
17E40,to open(one's mouth),,,,
17E41,a transliteration,,,,
17E42,to be stuporous,,,,
17E43,exhaustion,,,,
17E44,to join,,,,
17E45,to choke,,,,
17E46,a transliteration,,,,
17E47,ghost,,,,
17E48,felt,,,,
17E49,bent,,,,
17E4A,limit,,,,
17E4B,dim,,,,
17E4C,new,,,,
17E4D,an official title,,,,
17E4E,a transliteration,,,,
17E4F,evil,,,,
17E50,loyal,,,,
17E51,correct,,,,
17E52,politics,,,,
17E53,to send,,,,
17E54,"oblique, to tilt",,,,
17E55,long narrow strips,,,,
17E56,skilful,,,,
17E57,to get rid of,,,,
17E58,to watch,,,,
17E59,method,,,,
17E5A,soil,,,,
17E5B,lion,,,,
17E5C,,,,,
17E5D,,,,,
17E5E,an insect name,,,,
17E5F,patron of sheep,,,,
17E60,skilful,,,,
17E61,brave,,,,
17E62,to build,,,,
17E63,room,,,,
17E64,to win,,,,
17E65,to speed,,,,
17E66,sky,,,,
17E67,supernatural being,,,,
17E68,tent,,,,
17E69,to make smooth with a file,,,,
17E6A,to destroy,,,,
17E6B,good,,,,
17E6C,passion,,,,
17E6D,tall,,,,
17E6E,shoulder,,,,
17E6F,to exorcise,,,,
17E70,to encircle,,,,
17E71,skill; property (?),,,,
17E72,a surname,,,,
17E73,principle,,,,
17E74,devil,,,,
17E75,railing,,,,
17E76,building,,,,
17E77,anger,,,,
17E78,grave,,,,
17E79,white,,,,
17E7A,to reduce,,,,
17E7B,a surname,,,,
17E7C,kidney,,,,
17E7D,to encircle,,,,
17E7E,former times,,,,
17E7F,a transliteration,,,,
17E80,a transliteration,,,,
17E81,a surname,,,,
17E82,to fly,,,,
17E83,to infect,,,,
17E84,greasy,,,,
17E85,,,,,
17E86,wide-open,,,,
17E87,cheek,,,,
17E88,raised,,,,
17E89,base,,,,
17E8A,mineral resources,,,,
17E8B,base,,,,
17E8C,foot,,,,
17E8D,to pull,,,,
17E8E,to examine,,,,
17E8F,socks,,,,
17E90,to strangle,,,,
17E91,limit,,,,
17E92,lintel (over a door),,,,
17E93,to continue,,,,
17E94,to increase,,,,
17E95,grass,,,,
17E96,grass,,,,
17E97,green grass,,,,
17E98,barnyard grass,,,,
17E99,comet,,,,
17E9A,a kind of grass,,,,
17E9B,a kind of grass,,,,
17E9C,dense,,,,
17E9D,a kind of grass,,,,
17E9E,net,,,,
17E9F,a kind of grass,,,,
17EA0,a kind of grass,,,,
17EA1,to herd,,,,
17EA2,a surname,,,,
17EA3,a kind of grass,,,,
17EA4,a kind of herb,,,,
17EA5,cogongrass,,,,
17EA6,reed,,,,
17EA7,a kind of grass,,,,
17EA8,to fade,,,,
17EA9,a transliteration,,,,
17EAA,to sweep,,,,
17EAB,a kind of grass,,,,
17EAC,witch,,,,
17EAD,green,,,,
17EAE,a kind of grass,,,,
17EAF,a kind of grass,,,,
17EB0,poisonous weed,,,,
17EB1,mouse,,,,
17EB2,puncture vine,,,,
17EB3,a kind of herb,,,,
17EB4,section,,,,
17EB5,a kind of grass,,,,
17EB6,straw rope,,,,
17EB7,broom,,,,
17EB8,seed,,,,
17EB9,a kind of grass,,,,
17EBA,flax,,,,
17EBB,a kind of grass,,,,
17EBC,macaque,,,,
17EBD,a kind of grass,,,,
17EBE,net,,,,
17EBF,a surname,,,,
17EC0,herbal medicine,,,,
17EC1,a kind of grass,,,,
17EC2,to light a fire,,,,
17EC3,a transliteration,,,,
17EC4,thatched cottage,,,,
17EC5,a kind of grass,,,,
17EC6,a kind of grass,,,,
17EC7,,,,,
17EC8,barnyard grass,,,,
17EC9,a kind of grass,,,,
17ECA,poison,,,,
17ECB,to herd,,,,
17ECC,potato,,,,
17ECD,cattail,,,,
17ECE,evil spirit,,,,
17ECF,a kind of grass,,,,
17ED0,a kind of grass,,,,
17ED1,to herd,,,,
17ED2,rafter,,,,
17ED3,a kind of vegetable,,,,
17ED4,to tie a knot to distinguish,,,,
17ED5,a kind of grass,,,,
17ED6,grass,,,,
17ED7,a kind of fruit,,,,
17ED8,a kind of grass,,,,
17ED9,a kind of vegetable,,,,
17EDA,poison,,,,
17EDB,a kind of grass,,,,
17EDC,barnyard grass,,,,
17EDD,bamboo shoots,,,,
17EDE,a kind of grass,,,,
17EDF,a kind of grass,,,,
17EE0,a kind of grass,,,,
17EE1,blanket,,,,
17EE2,a kind of grass,,,,
17EE3,a kind of grass,,,,
17EE4,coral,,,,
17EE5,vegetable,,,,
17EE6,lettuce,,,,
17EE7,barley,,,,
17EE8,human being,,,,
17EE9,jaw,,,,
17EEA,a kind of grass,,,,
17EEB,nest,,,,
17EEC,thin,,,,
17EED,a kind of grass,,,,
17EEE,a tree name,,,,
17EEF,a kind of grass,,,,
17EF0,a kind of grass,,,,
17EF1,a kind of grass,,,,
17EF2,excrement,,,,
17EF3,a kind of grass,,,,
17EF4,a kind of grass,,,,
17EF5,onion,,,,
17EF6,calamity,,,,
17EF7,a kind of grass,,,,
17EF8,herbal medicine,,,,
17EF9,a kind of tree,,,,
17EFA,a kind of vegetable,,,,
17EFB,a kind of waterweeds,,,,
17EFC,man,,,,
17EFD,monkey,,,,
17EFE,dowry,,,,
17EFF,to make a noise,,,,
17F00,beast,,,,
17F01,beast,,,,
17F02,to go hunting; to divine by means of the Eight Diagrams (?); to earnestly hope (?),,,,
17F03,sage,,,,
17F04,benefit,,,,
17F05,beautiful,,,,
17F06,a surname,,,,
17F07,the name Tangut people call themselves,,,,
17F08,god,,,,
17F09,year,,,,
17F0A,shame,,,,
17F0B,respect,,,,
17F0C,firm,,,,
17F0D,very close relative,,,,
17F0E,a surname,,,,
17F0F,uncle,,,,
17F10,to close,,,,
17F11,the moon,,,,
17F12,to tribute,,,,
17F13,emperor,,,,
17F14,a surname,,,,
17F15,good fortune,,,,
17F16,,,,,
17F17,shallow,,,,
17F18,month,,,,
17F19,emperor,,,,
17F1A,a surname,,,,
17F1B,right side,,,,
17F1C,benefit,,,,
17F1D,round bone,,,,
17F1E,government official,,,,
17F1F,marriage,,,,
17F20,merit,,,,
17F21,wizard,,,,
17F22,a surname,,,,
17F23,a transliteration,,,,
17F24,flourishing,,,,
17F25,power,,,,
17F26,round-grained non-glutinous rice,,,,
17F27,to instruct,,,,
17F28,a surname,,,,
17F29,a happily married couple,,,,
17F2A,to listen attentively,,,,
17F2B,medicine,,,,
17F2C,to twine,,,,
17F2D,a kind of bird,,,,
17F2E,rain,,,,
17F2F,a plot of land,,,,
17F30,a place name,,,,
17F31,land,,,,
17F32,mile,,,,
17F33,dirt,,,,
17F34,seedling,,,,
17F35,a transliteration,,,,
17F36,ridge,,,,
17F37,gravel,,,,
17F38,fort,,,,
17F39,cave,,,,
17F3A,to plant,,,,
17F3B,land,,,,
17F3C,a place name,,,,
17F3D,small,,,,
17F3E,a place name,,,,
17F3F,rat,,,,
17F40,dust,,,,
17F41,tile,,,,
17F42,trench,,,,
17F43,a low bank of earth between fields,,,,
17F44,earthworm,,,,
17F45,steep,,,,
17F46,low,,,,
17F47,fork,,,,
17F48,to plant,,,,
17F49,heavy,,,,
17F4A,cave,,,,
17F4B,a traditional unit of area,,,,
17F4C,gully,,,,
17F4D,protruding,,,,
17F4E,,,,,
17F4F,soil,,,,
17F50,a traditional unit of area,,,,
17F51,grave,,,,
17F52,mountain peak,,,,
17F53,marsh,,,,
17F54,pagoda,,,,
17F55,valley,,,,
17F56,east,,,,
17F57,to cover,,,,
17F58,cave,,,,
17F59,to tremble,,,,
17F5A,farmland,,,,
17F5B,patch,,,,
17F5C,donkey,,,,
17F5D,a place name,,,,
17F5E,sky,,,,
17F5F,a surname,,,,
17F60,to dig,,,,
17F61,to dig,,,,
17F62,,,,,
17F63,to measure,,,,
17F64,a stockaded village,,,,
17F65,gully,,,,
17F66,a place name,,,,
17F67,to enclose,,,,
17F68,dry,,,,
17F69,dry,,,,
17F6A,city wall and moat,,,,
17F6B,to coagulate,,,,
17F6C,soil,,,,
17F6D,opening,,,,
17F6E,south,,,,
17F6F,vast,,,,
17F70,grave,,,,
17F71,a surname,,,,
17F72,valley,,,,
17F73,brick,,,,
17F74,to kick,,,,
17F75,jar,,,,
17F76,cold,,,,
17F77,room,,,,
17F78,epidermis,,,,
17F79,market,,,,
17F7A,ice,,,,
17F7B,tool,,,,
17F7C,hole,,,,
17F7D,clothing,,,,
17F7E,to shake,,,,
17F7F,pointed,,,,
17F80,powerful,,,,
17F81,a transliteration,,,,
17F82,valley,,,,
17F83,dry,,,,
17F84,to bury,,,,
17F85,prison,,,,
17F86,waist,,,,
17F87,demented,,,,
17F88,able and virtuous people,,,,
17F89,close,,,,
17F8A,warehouse,,,,
17F8B,excrement,,,,
17F8C,a kind of bird,,,,
17F8D,to rise,,,,
17F8E,a kind of bird,,,,
17F8F,crane,,,,
17F90,a surname,,,,
17F91,nephew,,,,
17F92,cuckoo,,,,
17F93,noon,,,,
17F94,the sun,,,,
17F95,swallow,,,,
17F96,man,,,,
17F97,a transliteration,,,,
17F98,the back of somebody or something,,,,
17F99,little bird,,,,
17F9A,people of father's generation,,,,
17F9B,to fall,,,,
17F9C,cheese,,,,
17F9D,to hang,,,,
17F9E,daylight,,,,
17F9F,vast,,,,
17FA0,bat,,,,
17FA1,bee,,,,
17FA2,bird,,,,
17FA3,extremely high,,,,
17FA4,to ask,,,,
17FA5,the day after tomorrow,,,,
17FA6,confused,,,,
17FA7,a surname,,,,
17FA8,crane,,,,
17FA9,county,,,,
17FAA,wisdom,,,,
17FAB,thought,,,,
17FAC,cuckoo,,,,
17FAD,cuckoo,,,,
17FAE,what time,,,,
17FAF,arrow,,,,
17FB0,,,,,
17FB1,weapon,,,,
17FB2,name of a star,,,,
17FB3,hard,,,,
17FB4,to divine,,,,
17FB5,minced meat,,,,
17FB6,void,,,,
17FB7,owlet,,,,
17FB8,disease,,,,
17FB9,"for a particular person, occasion, purpose, etc.",,,,
17FBA,time,,,,
17FBB,,,,,
17FBC,,,,,
17FBD,to flee,,,,
17FBE,to struggle,,,,
17FBF,a kind of shell which looks like a jade,,,,
17FC0,land,,,,
17FC1,to hear,,,,
17FC2,impressive and dignified,,,,
17FC3,pretty,,,,
17FC4,to request,,,,
17FC5,marriage,,,,
17FC6,to clear away,,,,
17FC7,egret,,,,
17FC8,pigeon,,,,
17FC9,smoke,,,,
17FCA,body,,,,
17FCB,to brood,,,,
17FCC,a kind of bird,,,,
17FCD,a kind of bird,,,,
17FCE,confused,,,,
17FCF,fat,,,,
17FD0,light yellow,,,,
17FD1,a surname,,,,
17FD2,big,,,,
17FD3,an insect name,,,,
17FD4,a kind of bird,,,,
17FD5,man,,,,
17FD6,goose,,,,
17FD7,owl,,,,
17FD8,a kind of bird,,,,
17FD9,imperial edict,,,,
17FDA,a transliteration,,,,
17FDB,goose,,,,
17FDC,shame,,,,
17FDD,wild goose,,,,
17FDE,to mate,,,,
17FDF,deep pool,,,,
17FE0,amber,,,,
17FE1,a place name,,,,
17FE2,imperial edict,,,,
17FE3,god,,,,
17FE4,breeding,,,,
17FE5,old,,,,
17FE6,female,,,,
17FE7,medicated plaster,,,,
17FE8,a kind of bird,,,,
17FE9,a kind of bird,,,,
17FEA,to detest,,,,
17FEB,turtledove,,,,
17FEC,,,,,
17FED,a kind of bird,,,,
17FEE,people of father's generation,,,,
17FEF,to trample,,,,
17FF0,steps,,,,
17FF1,mother,,,,
17FF2,a kind of bird,,,,
17FF3,time,,,,
17FF4,nipple,,,,
17FF5,a surname,,,,
17FF6,crow,,,,
17FF7,to have,,,,
17FF8,name,,,,
17FF9,crow,,,,
17FFA,to smoke out,,,,
17FFB,phoenix,,,,
17FFC,bird,,,,
17FFD,a kind of bird,,,,
17FFE,east,,,,
17FFF,sage,,,,
18000,to be tired of,,,,
18001,tired,,,,
18002,detestion,,,,
18003,snake,,,,
18004,lucky,,,,
18005,a kind of insect,,,,
18006,a prefix,,,,
18007,to invade,,,,
18008,soil,,,,
18009,bird,,,,
1800A,a surname,,,,
1800B,excrement,,,,
1800C,buffalo gnat,,,,
1800D,you,,,,
1800E,dark,,,,
1800F,a surname,,,,
18010,six,,,,
18011,a kind of bird,,,,
18012,name of a star,,,,
18013,rat,,,,
18014,cattail,,,,
18015,spot,,,,
18016,blush,,,,
18017,sky,,,,
18018,to cover,,,,
18019,clear,,,,
1801A,origin,,,,
1801B,dirty,,,,
1801C,locust,,,,
1801D,hunger,,,,
1801E,full,,,,
1801F,belly,,,,
18020,full,,,,
18021,a kind of grass,,,,
18022,camel,,,,
18023,grease,,,,
18024,camel,,,,
18025,stomach,,,,
18026,stars,,,,
18027,Lower limbs,,,,
18028,a kind of ghost,,,,
18029,Lower limbs,,,,
1802A,meat stuffing,,,,
1802B,enemy,,,,
1802C,bag,,,,
1802D,true,,,,
1802E,to shrink,,,,
1802F,to spread,,,,
18030,a transliteration,,,,
18031,,,,,
18032,,,,,
18033,a transliteration,,,,
18034,to revolve,,,,
18035,to bow,,,,
18036,flour sifter,,,,
18037,fruit,,,,
18038,eggplant,,,,
18039,a kind of insect,,,,
1803A,to draw (water),,,,
1803B,to grow,,,,
1803C,to give a speech,,,,
1803D,to say,,,,
1803E,old,,,,
1803F,a kind of bag,,,,
18040,woolens,,,,
18041,to cut out,,,,
18042,a transliteration,,,,
18043,a kind of bird,,,,
18044,calf,,,,
18045,ox,,,,
18046,elephant,,,,
18047,past,,,,
18048,down,,,,
18049,elephant,,,,
1804A,elephant,,,,
1804B,tooth,,,,
1804C,,,,,
1804D,calf,,,,
1804E,a place name,,,,
1804F,bull,,,,
18050,ox,,,,
18051,cat,,,,
18052,to brush,,,,
18053,a kind of insect,,,,
18054,big ox (elephant),,,,
18055,power and influence,,,,
18056,a kind of vegetable,,,,
18057,comb,,,,
18058,back,,,,
18059,peak,,,,
1805A,blanket,,,,
1805B,children,,,,
1805C,livestock,,,,
1805D,centre,,,,
1805E,ahead,,,,
1805F,uneven,,,,
18060,to lure,,,,
18061,illness,,,,
18062,to play,,,,
18063,pillow,,,,
18064,woman,,,,
18065,a kind of bird,,,,
18066,navel,,,,
18067,to argue,,,,
18068,preface,,,,
18069,slanting,,,,
1806A,husband,,,,
1806B,pearl,,,,
1806C,shallow,,,,
1806D,wife,,,,
1806E,child,,,,
1806F,claw,,,,
18070,muscle and joints,,,,
18071,pole,,,,
18072,to comb,,,,
18073,frivolous,,,,
18074,calabash,,,,
18075,to slander,,,,
18076,complete,,,,
18077,to survey,,,,
18078,even,,,,
18079,to change,,,,
1807A,magic,,,,
1807B,crimson,,,,
1807C,astringent,,,,
1807D,color,,,,
1807E,eloquence,,,,
1807F,stirrup,,,,
18080,man,,,,
18081,color,,,,
18082,god,,,,
18083,color,,,,
18084,stove,,,,
18085,stove,,,,
18086,also,,,,
18087,hair,,,,
18088,two,,,,
18089,broken,,,,
1808A,in a low voice,,,,
1808B,a surname,,,,
1808C,throat,,,,
1808D,few,,,,
1808E,small,,,,
1808F,a unit of measurement,,,,
18090,,,,,
18091,to bully and humiliate,,,,
18092,a kind of grass,,,,
18093,shallow,,,,
18094,hole,,,,
18095,swallow,,,,
18096,leprosy,,,,
18097,lamb,,,,
18098,to jump,,,,
18099,even,,,,
1809A,two,,,,
1809B,lowly,,,,
1809C,Han,,,,
1809D,to reduce,,,,
1809E,lamb,,,,
1809F,to carve,,,,
180A0,to exchange,,,,
180A1,a transliteration,,,,
180A2,ghost,,,,
180A3,to massage,,,,
180A4,centre,,,,
180A5,grey,,,,
180A6,a transliteration,,,,
180A7,,,,,
180A8,a surname,,,,
180A9,shallow,,,,
180AA,one,,,,
180AB,to change,,,,
180AC,to hang,,,,
180AD,to hate,,,,
180AE,to hate,,,,
180AF,a transliteration,,,,
180B0,twin,,,,
180B1,color,,,,
180B2,silver,,,,
180B3,between,,,,
180B4,tail,,,,
180B5,to lose conscience,,,,
180B6,monkey,,,,
180B7,a surname,,,,
180B8,to surprise,,,,
180B9,end,,,,
180BA,stasis (of blood),,,,
180BB,owlet,,,,
180BC,imperial edict,,,,
180BD,tail,,,,
180BE,tail,,,,
180BF,skill,,,,
180C0,east,,,,
180C1,bear,,,,
180C2,tail,,,,
180C3,leopard,,,,
180C4,grip,,,,
180C5,to store,,,,
180C6,to hang,,,,
180C7,name of a ghost,,,,
180C8,husbands of sisters,,,,
180C9,to sleep,,,,
180CA,sleepy,,,,
180CB,dream,,,,
180CC,to sleep,,,,
180CD,finger,,,,
180CE,palm,,,,
180CF,a kind of bird,,,,
180D0,spade,,,,
180D1,to abandon,,,,
180D2,width,,,,
180D3,to grab,,,,
180D4,to check,,,,
180D5,a transliteration,,,,
180D6,fountainhead,,,,
180D7,to estimate,,,,
180D8,to pull out,,,,
180D9,alone,,,,
180DA,to make,,,,
180DB,immediate,,,,
180DC,to permit,,,,
180DD,to send,,,,
180DE,one,,,,
180DF,a transliteration,,,,
180E0,to save,,,,
180E1,to do,,,,
180E2,woolen cloth,,,,
180E3,a surname,,,,
180E4,to send,,,,
180E5,to store,,,,
180E6,to do,,,,
180E7,foolish,,,,
180E8,to make,,,,
180E9,to twine,,,,
180EA,end,,,,
180EB,unfired brick,,,,
180EC,thread,,,,
180ED,skilful,,,,
180EE,to leave,,,,
180EF,to dress,,,,
180F0,front of a garment,,,,
180F1,shoulder,,,,
180F2,to mend,,,,
180F3,a transliteration,,,,
180F4,,,,,
180F5,direction,,,,
180F6,to pestle,,,,
180F7,a surname,,,,
180F8,prosperous,,,,
180F9,fertile,,,,
180FA,to call,,,,
180FB,a surname,,,,
180FC,a kind of grass,,,,
180FD,to hold,,,,
180FE,grandson or granddaughter,,,,
180FF,camel,,,,
18100,a surname,,,,
18101,a kind of animal like a mouse eats insect,,,,
18102,clear,,,,
18103,lamb,,,,
18104,man,,,,
18105,child,,,,
18106,land,,,,
18107,to inform,,,,
18108,breeding,,,,
18109,dark,,,,
1810A,prosperous,,,,
1810B,to marry,,,,
1810C,sheep,,,,
1810D,a transliteration,,,,
1810E,clear,,,,
1810F,to meet,,,,
18110,,,,,
18111,to help,,,,
18112,a transliteration,,,,
18113,a kind of animal,,,,
18114,to flee,,,,
18115,selfishness,,,,
18116,a kind of Chinese-style underwear,,,,
18117,to stop,,,,
18118,to surrender,,,,
18119,to bear (a burden),,,,
1811A,a kind of Chinese-style underwear,,,,
1811B,to extinguish,,,,
1811C,property,,,,
1811D,to give birth,,,,
1811E,foreign tribes,,,,
1811F,wisdom,,,,
18120,to shoot an arrow,,,,
18121,wisdom,,,,
18122,yes,,,,
18123,wisdom,,,,
18124,aphorism,,,,
18125,evil,,,,
18126,bright,,,,
18127,a transliteration,,,,
18128,to bargain,,,,
18129,to beat,,,,
1812A,to hit,,,,
1812B,to kick,,,,
1812C,to wave,,,,
1812D,harm,,,,
1812E,to grind,,,,
1812F,oblique,,,,
18130,overshoes,,,,
18131,a transliteration,,,,
18132,to stop,,,,
18133,ashamed,,,,
18134,to desire,,,,
18135,leisure,,,,
18136,a transliteration,,,,
18137,stirrup,,,,
18138,to do,,,,
18139,to brush,,,,
1813A,thigh,,,,
1813B,Lower limbs,,,,
1813C,leg,,,,
1813D,good,,,,
1813E,to move,,,,
1813F,chapter,,,,
18140,to rebel against,,,,
18141,to ask for help,,,,
18142,thatched shed,,,,
18143,many,,,,
18144,to do,,,,
18145,leg,,,,
18146,to grind,,,,
18147,a prefix representing no,,,,
18148,,,,,
18149,,,,,
1814A,a surname,,,,
1814B,knee,,,,
1814C,to crawl,,,,
1814D,time,,,,
1814E,happy,,,,
1814F,stain,,,,
18150,boots wearing in rain or snow,,,,
18151,ashamed,,,,
18152,forehead,,,,
18153,pulse,,,,
18154,a transliteration,,,,
18155,to be undivided,,,,
18156,to tie,,,,
18157,boots,,,,
18158,to spread,,,,
18159,mark,,,,
1815A,a surname,,,,
1815B,,,,,
1815C,to change,,,,
1815D,to celebrate,,,,
1815E,face,,,,
1815F,to drive,,,,
18160,a transliteration,,,,
18161,evidence,,,,
18162,to sit cross-legged,,,,
18163,matter,,,,
18164,to write,,,,
18165,to suffer from an illness,,,,
18166,,,,,
18167,honorable,,,,
18168,dysentery,,,,
18169,rope,,,,
1816A,a transliteration,,,,
1816B,to do,,,,
1816C,to enclose,,,,
1816D,,,,,
1816E,pounding,,,,
1816F,to lose,,,,
18170,a surname,,,,
18171,a transliteration,,,,
18172,general,,,,
18173,a surname,,,,
18174,to make a detailed inquiry,,,,
18175,,,,,
18176,a transliteration,,,,
18177,servant,,,,
18178,trousers,,,,
18179,west,,,,
1817A,a kind of grass,,,,
1817B,leisure,,,,
1817C,a transliteration,,,,
1817D,,,,,
1817E,,,,,
1817F,a transliteration,,,,
18180,jackal,,,,
18181,to jump,,,,
18182,noon,,,,
18183,ape,,,,
18184,and so on,,,,
18185,lion,,,,
18186,ashamed,,,,
18187,shame,,,,
18188,man,,,,
18189,,,,,
1818A,source,,,,
1818B,thick,,,,
1818C,to pare,,,,
1818D,to divide,,,,
1818E,measurement,,,,
1818F,to suppress,,,,
18190,bland,,,,
18191,,,,,
18192,to exchange,,,,
18193,soft,,,,
18194,to return,,,,
18195,thin,,,,
18196,rank,,,,
18197,to rotate,,,,
18198,evening,,,,
18199,dark,,,,
1819A,scriptures,,,,
1819B,parallel,,,,
1819C,secondary rainbow,,,,
1819D,horse,,,,
1819E,golden yellow,,,,
1819F,bit (of a bridle),,,,
181A0,greyish white,,,,
181A1,gorgeous,,,,
181A2,mule,,,,
181A3,centre,,,,
181A4,to raise domestic animals,,,,
181A5,as,,,,
181A6,horse for riding,,,,
181A7,ten thousand,,,,
181A8,to remain,,,,
181A9,wing,,,,
181AA,a transliteration,,,,
181AB,to comfort,,,,
181AC,lameness,,,,
181AD,horse,,,,
181AE,impediment,,,,
181AF,daughter-in-law,,,,
181B0,foal,,,,
181B1,skilful,,,,
181B2,fat,,,,
181B3,to gallop,,,,
181B4,well-proportioned,,,,
181B5,to clear away,,,,
181B6,livestock,,,,
181B7,a transliteration,,,,
181B8,grey,,,,
181B9,grey,,,,
181BA,chestnut brown,,,,
181BB,bridle,,,,
181BC,fine horse,,,,
181BD,horse,,,,
181BE,horse's teeth,,,,
181BF,to tie,,,,
181C0,shaft of cart or carriage,,,,
181C1,fierce wind,,,,
181C2,middle,,,,
181C3,to tie,,,,
181C4,to lose,,,,
181C5,a kind of vegetable,,,,
181C6,foal,,,,
181C7,elephant,,,,
181C8,a transliteration,,,,
181C9,to tie,,,,
181CA,magnificent,,,,
181CB,evil,,,,
181CC,thin,,,,
181CD,domestic animals,,,,
181CE,to renovate,,,,
181CF,to calm down,,,,
181D0,to esteem,,,,
181D1,,,,,
181D2,to cherish,,,,
181D3,to cherish,,,,
181D4,thrifty,,,,
181D5,to cherish,,,,
181D6,felt,,,,
181D7,rope,,,,
181D8,string,,,,
181D9,to support,,,,
181DA,to administer,,,,
181DB,a battle-axe used in ancient China,,,,
181DC,a surname,,,,
181DD,two,,,,
181DE,fur,,,,
181DF,steep,,,,
181E0,pair,,,,
181E1,to set up,,,,
181E2,to mix,,,,
181E3,to mix,,,,
181E4,to tease,,,,
181E5,lame,,,,
181E6,paper,,,,
181E7,grey,,,,
181E8,shining white,,,,
181E9,magic arts,,,,
181EA,a surname,,,,
181EB,blood relations,,,,
181EC,to know,,,,
181ED,to tie,,,,
181EE,big,,,,
181EF,a kind of fish,,,,
181F0,old,,,,
181F1,witticism,,,,
181F2,ripe,,,,
181F3,the edge of a knife,,,,
181F4,"to make (wine, vinegar)",,,,
181F5,cattail,,,,
181F6,millet,,,,
181F7,to boil silk,,,,
181F8,shaman,,,,
181F9,string,,,,
181FA,emperor's son-in-law,,,,
181FB,mother's brother,,,,
181FC,to marry,,,,
181FD,coarse cloth,,,,
181FE,daughter,,,,
181FF,to marry,,,,
18200,slender,,,,
18201,wren,,,,
18202,thread,,,,
18203,wonderful,,,,
18204,to embroider,,,,
18205,the front of a Chinese gown,,,,
18206,sister-in-law,,,,
18207,old,,,,
18208,to hand out,,,,
18209,to give,,,,
1820A,commerce,,,,
1820B,to sell,,,,
1820C,commerce,,,,
1820D,a nation,,,,
1820E,younger brother,,,,
1820F,coarse,,,,
18210,tired,,,,
18211,people,,,,
18212,other,,,,
18213,frog,,,,
18214,to hide,,,,
18215,to drive away,,,,
18216,to correspond,,,,
18217,to drive away,,,,
18218,times,,,,
18219,peak,,,,
1821A,night,,,,
1821B,illusion,,,,
1821C,to arrive,,,,
1821D,night,,,,
1821E,dream,,,,
1821F,to hinder,,,,
18220,to obstruct,,,,
18221,body,,,,
18222,front of a garment,,,,
18223,,,,,
18224,to open(one's mouth),,,,
18225,to swell,,,,
18226,grey,,,,
18227,to pass on,,,,
18228,to indicate,,,,
18229,one,,,,
1822A,a transliteration,,,,
1822B,a surname,,,,
1822C,a skilled workman,,,,
1822D,god,,,,
1822E,lame,,,,
1822F,scabies,,,,
18230,to do harm,,,,
18231,bored,,,,
18232,old and shabby,,,,
18233,orphan,,,,
18234,a transliteration,,,,
18235,nephew,,,,
18236,widow,,,,
18237,son,,,,
18238,to spoil (a child),,,,
18239,to love,,,,
1823A,,,,,
1823B,to breed,,,,
1823C,in the past,,,,
1823D,(Buddhist) effect,,,,
1823E,how long,,,,
1823F,,,,,
18240,government official,,,,
18241,crown,,,,
18242,moat,,,,
18243,witticism,,,,
18244,witticism,,,,
18245,miscellaneous,,,,
18246,mixed,,,,
18247,,,,,
18248,to cheat,,,,
18249,upright,,,,
1824A,spinach,,,,
1824B,eight,,,,
1824C,dew,,,,
1824D,light,,,,
1824E,many,,,,
1824F,void,,,,
18250,contribution,,,,
18251,he,,,,
18252,shame,,,,
18253,a transliteration,,,,
18254,to knit,,,,
18255,brilliant,,,,
18256,to cheat,,,,
18257,a surname,,,,
18258,a surname,,,,
18259,scheme,,,,
1825A,to hide,,,,
1825B,a place name,,,,
1825C,to fear,,,,
1825D,to drive,,,,
1825E,an auxiliary word,,,,
1825F,to compel,,,,
18260,I,,,,
18261,power,,,,
18262,dignified,,,,
18263,love,,,,
18264,to meet,,,,
18265,reality,,,,
18266,chapters and sections,,,,
18267,wan and sallow,,,,
18268,chapter,,,,
18269,to pull,,,,
1826A,to slander,,,,
1826B,to groan,,,,
1826C,to curse,,,,
1826D,mange,,,,
1826E,to hate,,,,
1826F,dung,,,,
18270,scar,,,,
18271,to divine disease,,,,
18272,to burst,,,,
18273,dung,,,,
18274,waste,,,,
18275,sorrow,,,,
18276,stutter,,,,
18277,a kind of coarse cloth,,,,
18278,scab,,,,
18279,anger,,,,
1827A,chrysalis,,,,
1827B,a surname,,,,
1827C,to harm,,,,
1827D,scab,,,,
1827E,excrement,,,,
1827F,a surname,,,,
18280,to envy,,,,
18281,to dig,,,,
18282,dung,,,,
18283,hot,,,,
18284,evil,,,,
18285,sore,,,,
18286,to punish,,,,
18287,to guard,,,,
18288,to weed,,,,
18289,rottenness,,,,
1828A,sister-in-law,,,,
1828B,slander,,,,
1828C,indignation,,,,
1828D,a ghost name,,,,
1828E,a transliteration,,,,
1828F,insect,,,,
18290,respectfully,,,,
18291,mouse,,,,
18292,dung beetles,,,,
18293,scorpion,,,,
18294,an insect name,,,,
18295,a surname,,,,
18296,mouse,,,,
18297,ant,,,,
18298,tadpole,,,,
18299,fly and mosquito,,,,
1829A,six,,,,
1829B,metaphor,,,,
1829C,pearl,,,,
1829D,hundred,,,,
1829E,a transliteration,,,,
1829F,silver,,,,
182A0,boy,,,,
182A1,season,,,,
182A2,to stop,,,,
182A3,"Yang (the positive side) of the Chinese \""Yin-yang\"" concept",,,,
182A4,to stuff,,,,
182A5,to clear away,,,,
182A6,a classifier,,,,
182A7,New Year's Eve,,,,
182A8,to eliminate,,,,
182A9,to draw (a bow),,,,
182AA,arrow,,,,
182AB,a surname,,,,
182AC,even,,,,
182AD,interests (on an investment),,,,
182AE,a transliteration,,,,
182AF,to be choked,,,,
182B0,to damage,,,,
182B1,half,,,,
182B2,to divide,,,,
182B3,line,,,,
182B4,to talk,,,,
182B5,skill,,,,
182B6,aunt,,,,
182B7,a transliteration,,,,
182B8,mother-in-law,,,,
182B9,foundation,,,,
182BA,to burn,,,,
182BB,mother-in-law,,,,
182BC,a transliteration,,,,
182BD,a surname,,,,
182BE,a transliteration,,,,
182BF,to cherish,,,,
182C0,happy,,,,
182C1,to melt,,,,
182C2,feast,,,,
182C3,to melt,,,,
182C4,to look for,,,,
182C5,a transliteration,,,,
182C6,a transliteration,,,,
182C7,mouse,,,,
182C8,rat,,,,
182C9,to do,,,,
182CA,to play,,,,
182CB,to mend,,,,
182CC,to sew,,,,
182CD,to taste,,,,
182CE,strings for a saddle,,,,
182CF,evening,,,,
182D0,dawn,,,,
182D1,remnants,,,,
182D2,to seek,,,,
182D3,note,,,,
182D4,evening,,,,
182D5,he,,,,
182D6,west,,,,
182D7,fine horse,,,,
182D8,to call,,,,
182D9,fast; to gain (?),,,,
182DA,tail,,,,
182DB,benefit,,,,
182DC,illness,,,,
182DD,ladder,,,,
182DE,ashamed,,,,
182DF,bank,,,,
182E0,kind,,,,
182E1,chopsticks,,,,
182E2,Bodhisattva,,,,
182E3,a kind of vegetable,,,,
182E4,all living creatures,,,,
182E5,motto,,,,
182E6,to exert,,,,
182E7,pants,,,,
182E8,emperor,,,,
182E9,a suffix,,,,
182EA,full,,,,
182EB,to bend,,,,
182EC,to love,,,,
182ED,to destroy,,,,
182EE,to stand up,,,,
182EF,bag,,,,
182F0,a surname,,,,
182F1,motto,,,,
182F2,to play,,,,
182F3,clothing,,,,
182F4,Tibetan,,,,
182F5,vulture,,,,
182F6,ghost,,,,
182F7,to force,,,,
182F8,sexual intercourse,,,,
182F9,the Han,,,,
182FA,a surname,,,,
182FB,difference,,,,
182FC,will,,,,
182FD,dog,,,,
182FE,god,,,,
182FF,dog,,,,
18300,crooked,,,,
18301,crooked,,,,
18302,contribution,,,,
18303,rice,,,,
18304,buckwheat,,,,
18305,extensive,,,,
18306,pod,,,,
18307,a transliteration,,,,
18308,level,,,,
18309,millet,,,,
1830A,broad,,,,
1830B,wheat,,,,
1830C,house,,,,
1830D,yeast to make wine,,,,
1830E,corn,,,,
1830F,a surname,,,,
18310,rice,,,,
18311,maize,,,,
18312,upright,,,,
18313,chaff,,,,
18314,white,,,,
18315,wheat flour,,,,
18316,maize,,,,
18317,mould stuffing in shoes or hats,,,,
18318,a kind of grass,,,,
18319,beans,,,,
1831A,wide or narrow,,,,
1831B,seed,,,,
1831C,wide,,,,
1831D,a transliteration,,,,
1831E,autumn,,,,
1831F,,,,,
18320,to combine,,,,
18321,,,,,
18322,belt,,,,
18323,to run quickly,,,,
18324,strip,,,,
18325,to tie,,,,
18326,talkative,,,,
18327,to drip,,,,
18328,to burst,,,,
18329,salted,,,,
1832A,mad,,,,
1832B,tomorrow,,,,
1832C,to send,,,,
1832D,to drill,,,,
1832E,ghost,,,,
1832F,a surname,,,,
18330,Mongolian gazelle,,,,
18331,to cross,,,,
18332,to add,,,,
18333,extremely happiness,,,,
18334,a transliteration,,,,
18335,tasteless,,,,
18336,ball,,,,
18337,to cross,,,,
18338,west,,,,
18339,to run quickly,,,,
1833A,,,,,
1833B,wall,,,,
1833C,straight,,,,
1833D,this,,,,
1833E,to make a profit,,,,
1833F,skilful,,,,
18340,to play,,,,
18341,crack noise,,,,
18342,sheep,,,,
18343,sound of teeth grinding,,,,
18344,to curse,,,,
18345,,,,,
18346,grey,,,,
18347,to gallop,,,,
18348,mad,,,,
18349,magpie,,,,
1834A,to rein in,,,,
1834B,narrow,,,,
1834C,,,,,
1834D,wife,,,,
1834E,hare,,,,
1834F,greyish white,,,,
18350,toil,,,,
18351,a transliteration,,,,
18352,guilt,,,,
18353,prison,,,,
18354,bitter,,,,
18355,a transliteration,,,,
18356,to work hard,,,,
18357,toil,,,,
18358,pain,,,,
18359,tired,,,,
1835A,slack,,,,
1835B,a transliteration,,,,
1835C,a transliteration,,,,
1835D,round,,,,
1835E,round,,,,
1835F,a unit of weight,,,,
18360,mortar,,,,
18361,penis,,,,
18362,to make love,,,,
18363,to grow,,,,
18364,curled hair,,,,
18365,to manage,,,,
18366,appearance,,,,
18367,earrings,,,,
18368,happy,,,,
18369,a transliteration,,,,
1836A,a transliteration,,,,
1836B,a surname,,,,
1836C,a transliteration,,,,
1836D,cleverness,,,,
1836E,a transliteration,,,,
1836F,mother-in-law,,,,
18370,difference,,,,
18371,,,,,
18372,surprised,,,,
18373,special,,,,
18374,to sink into,,,,
18375,to realize,,,,
18376,crane,,,,
18377,reverence,,,,
18378,natural resources,,,,
18379,scar,,,,
1837A,dawn,,,,
1837B,special,,,,
1837C,six,,,,
1837D,fire,,,,
1837E,a conjunction,,,,
1837F,hawk,,,,
18380,a kind of bird,,,,
18381,top,,,,
18382,,,,,
18383,bird,,,,
18384,to listen,,,,
18385,,,,,
18386,an auxiliary word,,,,
18387,to help,,,,
18388,pure,,,,
18389,to rely on,,,,
1838A,to cut,,,,
1838B,to brush,,,,
1838C,field mint,,,,
1838D,to follow,,,,
1838E,full,,,,
1838F,to lure,,,,
18390,to continue,,,,
18391,a transliteration,,,,
18392,hot pepper,,,,
18393,to hear,,,,
18394,bow,,,,
18395,maggot,,,,
18396,to link,,,,
18397,bow,,,,
18398,to smell,,,,
18399,a surname,,,,
1839A,to patch,,,,
1839B,target,,,,
1839C,fetus,,,,
1839D,nasal sore,,,,
1839E,nasal mucus,,,,
1839F,at will,,,,
183A0,dustpan,,,,
183A1,sweet smell,,,,
183A2,to beat,,,,
183A3,crooked,,,,
183A4,if,,,,
183A5,to arrange for,,,,
183A6,to gallop,,,,
183A7,a transliteration,,,,
183A8,to bear (a burden),,,,
183A9,fragmentary,,,,
183AA,to speak,,,,
183AB,a transliteration,,,,
183AC,to harvest,,,,
183AD,quick,,,,
183AE,to discuss,,,,
183AF,to cut,,,,
183B0,to penetrate,,,,
183B1,to drive away,,,,
183B2,to increase,,,,
183B3,to give birth,,,,
183B4,to drag,,,,
183B5,tax,,,,
183B6,convulsion,,,,
183B7,rush (to be used as wick),,,,
183B8,to decorate,,,,
183B9,part,,,,
183BA,to plough,,,,
183BB,to wipe off,,,,
183BC,to abandon,,,,
183BD,to destroy,,,,
183BE,to give,,,,
183BF,a transliteration,,,,
183C0,to cut,,,,
183C1,to link,,,,
183C2,convulsion,,,,
183C3,to overflow,,,,
183C4,to eliminate,,,,
183C5,,,,,
183C6,agriculture,,,,
183C7,curtain,,,,
183C8,shoulder,,,,
183C9,to penetrate,,,,
183CA,to fill in,,,,
183CB,full,,,,
183CC,to hold,,,,
183CD,to butcher,,,,
183CE,to plant,,,,
183CF,a kind of animal,,,,
183D0,power,,,,
183D1,general,,,,
183D2,to untie,,,,
183D3,interests (on an investment),,,,
183D4,to eliminate,,,,
183D5,to throw,,,,
183D6,to choke,,,,
183D7,finger,,,,
183D8,to ferment,,,,
183D9,to wipe off,,,,
183DA,the place where something happen,,,,
183DB,rope,,,,
183DC,to pound with a pestle,,,,
183DD,bow,,,,
183DE,to report,,,,
183DF,full,,,,
183E0,to penetrate,,,,
183E1,fruit,,,,
183E2,repetition,,,,
183E3,to fetch,,,,
183E4,a surname,,,,
183E5,to prohibit,,,,
183E6,to obstruct,,,,
183E7,gold,,,,
183E8,treasure,,,,
183E9,to hang,,,,
183EA,a surname,,,,
183EB,to fall,,,,
183EC,steelyard,,,,
183ED,to drag,,,,
183EE,to knead,,,,
183EF,earthworm,,,,
183F0,right now,,,,
183F1,piebald,,,,
183F2,to select,,,,
183F3,to give alms,,,,
183F4,to link,,,,
183F5,to drive away,,,,
183F6,to join,,,,
183F7,to divide,,,,
183F8,to send,,,,
183F9,chopsticks,,,,
183FA,to trample,,,,
183FB,a surname,,,,
183FC,a transliteration,,,,
183FD,auspicious,,,,
183FE,to plant,,,,
183FF,to supervise,,,,
18400,Tibetan,,,,
18401,chess,,,,
18402,to burn,,,,
18403,,,,,
18404,to tie,,,,
18405,stupid,,,,
18406,to record,,,,
18407,,,,,
18408,bent,,,,
18409,to send,,,,
1840A,rough,,,,
1840B,ladle,,,,
1840C,to send,,,,
1840D,to penetrate,,,,
1840E,fat,,,,
1840F,to set up,,,,
18410,to injure,,,,
18411,to play chess,,,,
18412,to spread,,,,
18413,to unfold,,,,
18414,to salute,,,,
18415,circumference,,,,
18416,house,,,,
18417,to hold,,,,
18418,to carve,,,,
18419,to catch,,,,
1841A,clear,,,,
1841B,to transport,,,,
1841C,a transliteration,,,,
1841D,to give birth,,,,
1841E,bridle,,,,
1841F,handkerchief,,,,
18420,to damage,,,,
18421,order,,,,
18422,shy,,,,
18423,radish,,,,
18424,a transliteration,,,,
18425,bottle,,,,
18426,,,,,
18427,Qiang and Rong people,,,,
18428,song,,,,
18429,to lose,,,,
1842A,to draw (a bow),,,,
1842B,dagger,,,,
1842C,cane,,,,
1842D,to pull,,,,
1842E,a surname,,,,
1842F,to prohibit,,,,
18430,to step on,,,,
18431,true,,,,
18432,tattered,,,,
18433,volume,,,,
18434,to beat,,,,
18435,branch,,,,
18436,to throw,,,,
18437,to measure,,,,
18438,to continue,,,,
18439,paper,,,,
1843A,to force,,,,
1843B,what time,,,,
1843C,thunderous,,,,
1843D,thunderous,,,,
1843E,to stir,,,,
1843F,to supervise,,,,
18440,to damage,,,,
18441,to prohibit,,,,
18442,to roll,,,,
18443,,,,,
18444,to prohibit,,,,
18445,to wrestle,,,,
18446,a kind of insect,,,,
18447,to stretch,,,,
18448,pottery,,,,
18449,to turn over,,,,
1844A,,,,,
1844B,a transliteration,,,,
1844C,evidence,,,,
1844D,to burst,,,,
1844E,a transliteration,,,,
1844F,to rely on,,,,
18450,to measure,,,,
18451,to scrape,,,,
18452,bag,,,,
18453,a unit of length,,,,
18454,to chop,,,,
18455,an animal-drawn seed plough,,,,
18456,to drill,,,,
18457,hill,,,,
18458,celestial being,,,,
18459,fish,,,,
1845A,rain and dew,,,,
1845B,shoulder,,,,
1845C,oblique,,,,
1845D,calf,,,,
1845E,elephant,,,,
1845F,chin,,,,
18460,calf,,,,
18461,a surname,,,,
18462,wrist,,,,
18463,a surname,,,,
18464,a transliteration,,,,
18465,ghost,,,,
18466,sore on a horse's hoofs,,,,
18467,dried meat,,,,
18468,to help,,,,
18469,to combine,,,,
1846A,among,,,,
1846B,a surname,,,,
1846C,consciousness,,,,
1846D,other,,,,
1846E,impressive and dignified manners,,,,
1846F,brocade,,,,
18470,silent,,,,
18471,bolt for a door,,,,
18472,a surname,,,,
18473,ball,,,,
18474,bag,,,,
18475,to revolve,,,,
18476,he,,,,
18477,skilful,,,,
18478,withered,,,,
18479,to do,,,,
1847A,to reside,,,,
1847B,a surname,,,,
1847C,a surname,,,,
1847D,to move (revolve),,,,
1847E,a mournful sigh,,,,
1847F,skill,,,,
18480,weary,,,,
18481,centre,,,,
18482,a transliteration,,,,
18483,stove,,,,
18484,formation,,,,
18485,living in peace,,,,
18486,to pile up,,,,
18487,to wait upon,,,,
18488,healthy,,,,
18489,kind,,,,
1848A,to go without a burden,,,,
1848B,to gather,,,,
1848C,leopard,,,,
1848D,to pile up,,,,
1848E,place,,,,
1848F,army,,,,
18490,pool efforts,,,,
18491,food for army,,,,
18492,to exterminate,,,,
18493,"to congeal, scar",,,,
18494,lame,,,,
18495,peaceful,,,,
18496,to gather,,,,
18497,front tooth,,,,
18498,to assist,,,,
18499,to pile up,,,,
1849A,to lose,,,,
1849B,to forget,,,,
1849C,feast,,,,
1849D,a unit of Tangut army,,,,
1849E,to gather,,,,
1849F,a transliteration,,,,
184A0,,,,,
184A1,to braise,,,,
184A2,gruel,,,,
184A3,speech,,,,
184A4,a transliteration,,,,
184A5,to flatter,,,,
184A6,truth,,,,
184A7,to answer,,,,
184A8,to express by words,,,,
184A9,to admonish,,,,
184AA,to argue,,,,
184AB,to send,,,,
184AC,to endure,,,,
184AD,burnt,,,,
184AE,to supervise,,,,
184AF,a kind of farm implements,,,,
184B0,cape,,,,
184B1,mortar,,,,
184B2,to tread,,,,
184B3,to sew,,,,
184B4,to supervise,,,,
184B5,to press,,,,
184B6,Buddha,,,,
184B7,to eliminate,,,,
184B8,treasure,,,,
184B9,to increase,,,,
184BA,the old,,,,
184BB,old,,,,
184BC,,,,,
184BD,old ox,,,,
184BE,wrinkle,,,,
184BF,to hinder,,,,
184C0,to forget,,,,
184C1,"a conjunction means \""and\""",,,,
184C2,what,,,,
184C3,murderer,,,,
184C4,auspicious,,,,
184C5,toil,,,,
184C6,to discuss,,,,
184C7,toil,,,,
184C8,seed,,,,
184C9,to herd,,,,
184CA,few,,,,
184CB,a little,,,,
184CC,herbage,,,,
184CD,enemy,,,,
184CE,beautiful,,,,
184CF,to sigh,,,,
184D0,person,,,,
184D1,foolish,,,,
184D2,afraid,,,,
184D3,filial piety,,,,
184D4,to forget,,,,
184D5,frivolous,,,,
184D6,merit,,,,
184D7,concentrated,,,,
184D8,hot,,,,
184D9,to hate,,,,
184DA,gadfly,,,,
184DB,still,,,,
184DC,narrow,,,,
184DD,label,,,,
184DE,to hope,,,,
184DF,faith,,,,
184E0,sorrowful,,,,
184E1,to cherish,,,,
184E2,to ride,,,,
184E3,a surname,,,,
184E4,pawnshop,,,,
184E5,to bear (a burden),,,,
184E6,be awake,,,,
184E7,luck,,,,
184E8,dirt,,,,
184E9,a transliteration,,,,
184EA,sandalwood,,,,
184EB,Qiangic people,,,,
184EC,a transliteration,,,,
184ED,to deal with,,,,
184EE,clean,,,,
184EF,to give,,,,
184F0,to make love,,,,
184F1,heaven,,,,
184F2,blue and green,,,,
184F3,whole,,,,
184F4,,,,,
184F5,wizard,,,,
184F6,body,,,,
184F7,body,,,,
184F8,vulture,,,,
184F9,palace,,,,
184FA,emperor,,,,
184FB,to cook,,,,
184FC,fire,,,,
184FD,roast meat,,,,
184FE,a transliteration,,,,
184FF,to stew,,,,
18500,pot,,,,
18501,one of the decimal cycle of ten characters,,,,
18502,to burn,,,,
18503,kettle,,,,
18504,to eat,,,,
18505,torch,,,,
18506,,,,,
18507,to extinguish,,,,
18508,a kind of sore,,,,
18509,to burn,,,,
1850A,gorgeous,,,,
1850B,to borrow money,,,,
1850C,,,,,
1850D,to present (a gift),,,,
1850E,to eat,,,,
1850F,sand,,,,
18510,red,,,,
18511,to be stifled to death,,,,
18512,a surname,,,,
18513,red,,,,
18514,a transliteration,,,,
18515,a kind of grass,,,,
18516,chin,,,,
18517,a transliteration,,,,
18518,red,,,,
18519,a kind of insect,,,,
1851A,red,,,,
1851B,red,,,,
1851C,a surname,,,,
1851D,to hide,,,,
1851E,a transliteration,,,,
1851F,red,,,,
18520,servant,,,,
18521,colored silk,,,,
18522,far,,,,
18523,to haunt,,,,
18524,dark,,,,
18525,parrot,,,,
18526,to win,,,,
18527,seat,,,,
18528,to force,,,,
18529,to drive away (a ghost),,,,
1852A,quiet,,,,
1852B,poor,,,,
1852C,property,,,,
1852D,money,,,,
1852E,wealth,,,,
1852F,to greet,,,,
18530,tear,,,,
18531,crooked,,,,
18532,corpse,,,,
18533,gas,,,,
18534,to give birth,,,,
18535,snore,,,,
18536,to blow,,,,
18537,moisture,,,,
18538,to yawn,,,,
18539,replete,,,,
1853A,gas,,,,
1853B,a transliteration,,,,
1853C,cause,,,,
1853D,fair,,,,
1853E,a kind of grass,,,,
1853F,quail,,,,
18540,to know,,,,
18541,to note,,,,
18542,to go,,,,
18543,to comment,,,,
18544,upright,,,,
18545,scabies,,,,
18546,to bear (a burden),,,,
18547,,,,,
18548,to realize,,,,
18549,taste,,,,
1854A,taste,,,,
1854B,fault,,,,
1854C,genuine,,,,
1854D,to speak bluntly,,,,
1854E,to listen,,,,
1854F,to seek,,,,
18550,to steal,,,,
18551,to cover,,,,
18552,loose,,,,
18553,to send,,,,
18554,then,,,,
18555,three,,,,
18556,to send,,,,
18557,woolen blanket,,,,
18558,a transliteration,,,,
18559,,,,,
1855A,to post,,,,
1855B,to swear,,,,
1855C,I,,,,
1855D,smallpox,,,,
1855E,to instigate,,,,
1855F,brown rice,,,,
18560,dirty,,,,
18561,graceful,,,,
18562,enemy,,,,
18563,how,,,,
18564,to seek,,,,
18565,evidence,,,,
18566,,,,,
18567,to tour,,,,
18568,to cry bitterly,,,,
18569,,,,,
1856A,a transliteration,,,,
1856B,to fear,,,,
1856C,to grow,,,,
1856D,abundant,,,,
1856E,a transliteration,,,,
1856F,surprised,,,,
18570,tree,,,,
18571,a place name,,,,
18572,to tie,,,,
18573,brothers,,,,
18574,corner,,,,
18575,branch,,,,
18576,to cover,,,,
18577,luxuriant,,,,
18578,all,,,,
18579,a surname,,,,
1857A,canal,,,,
1857B,three,,,,
1857C,a surname,,,,
1857D,world,,,,
1857E,all,,,,
1857F,a preposition,,,,
18580,year,,,,
18581,hollow bag,,,,
18582,a kind of deer,,,,
18583,marriage,,,,
18584,bottom,,,,
18585,a surname,,,,
18586,to sing,,,,
18587,manners,,,,
18588,experience,,,,
18589,to reach,,,,
1858A,foot mark,,,,
1858B,fatness,,,,
1858C,naughty children,,,,
1858D,to beg,,,,
1858E,short,,,,
1858F,right now,,,,
18590,fire,,,,
18591,not,,,,
18592,to investigate,,,,
18593,to break,,,,
18594,to shrink,,,,
18595,restless,,,,
18596,mother,,,,
18597,to rescue,,,,
18598,,,,,
18599,a unit of measurement for rolls of cloth or silk,,,,
1859A,marsh,,,,
1859B,kind,,,,
1859C,lock,,,,
1859D,a transliteration,,,,
1859E,rich,,,,
1859F,lance,,,,
185A0,timid and weak-willed,,,,
185A1,,,,,
185A2,to lose,,,,
185A3,calm,,,,
185A4,clank,,,,
185A5,wrinkle,,,,
185A6,wrinkle,,,,
185A7,needle,,,,
185A8,dragon,,,,
185A9,pliers,,,,
185AA,thick,,,,
185AB,ceremony and propriety,,,,
185AC,needle,,,,
185AD,ploughshare,,,,
185AE,burnt,,,,
185AF,a kind of container to cook,,,,
185B0,stove,,,,
185B1,bell,,,,
185B2,,,,,
185B3,to realize,,,,
185B4,to drill,,,,
185B5,saw,,,,
185B6,griddle,,,,
185B7,to dig,,,,
185B8,turning shovel,,,,
185B9,plane (for carpentry),,,,
185BA,to drill,,,,
185BB,triangular arrowhead,,,,
185BC,arrowhead,,,,
185BD,plough,,,,
185BE,a kind of mineral to smelt copper,,,,
185BF,flag,,,,
185C0,wisdom,,,,
185C1,sharp,,,,
185C2,an ancient cooking vessel with two loop handles and three or four legs,,,,
185C3,filthy,,,,
185C4,hook,,,,
185C5,tin,,,,
185C6,turning shovel,,,,
185C7,to suppress,,,,
185C8,hook,,,,
185C9,a transliteration,,,,
185CA,copper,,,,
185CB,to cut,,,,
185CC,armor,,,,
185CD,armor,,,,
185CE,pot to boil tea,,,,
185CF,tweezers,,,,
185D0,an auxiliary word,,,,
185D1,to call,,,,
185D2,to call,,,,
185D3,baby still,,,,
185D4,a transliteration,,,,
185D5,to live,,,,
185D6,to play games,,,,
185D7,a surname,,,,
185D8,a transliteration,,,,
185D9,brown,,,,
185DA,a transliteration,,,,
185DB,skeleton,,,,
185DC,file,,,,
185DD,door,,,,
185DE,nest,,,,
185DF,to enter,,,,
185E0,door,,,,
185E1,house,,,,
185E2,husband and wife,,,,
185E3,pagoda,,,,
185E4,five,,,,
185E5,a surname,,,,
185E6,,,,,
185E7,to marry,,,,
185E8,sisters,,,,
185E9,steed,,,,
185EA,to deceive,,,,
185EB,pretense,,,,
185EC,to cheat,,,,
185ED,bait,,,,
185EE,joking remarks,,,,
185EF,false,,,,
185F0,fruit,,,,
185F1,bait,,,,
185F2,steady,,,,
185F3,hunchback,,,,
185F4,waist,,,,
185F5,a kind of insect,,,,
185F6,horse,,,,
185F7,skirt,,,,
185F8,to lay in,,,,
185F9,to sing loudly,,,,
185FA,soil,,,,
185FB,to detest,,,,
185FC,hole,,,,
185FD,longevity,,,,
185FE,to butcher,,,,
185FF,a surname,,,,
18600,livestock,,,,
18601,a transliteration,,,,
18602,permanent,,,,
18603,to chew,,,,
18604,tooth,,,,
18605,to bite,,,,
18606,old age,,,,
18607,wolf,,,,
18608,sound of clamping the teeth,,,,
18609,debt,,,,
1860A,a kind of vegetable,,,,
1860B,devil,,,,
1860C,skull (of a dead person),,,,
1860D,hell,,,,
1860E,to curse,,,,
1860F,to haunt,,,,
18610,bumper harvest,,,,
18611,abundant,,,,
18612,hair,,,,
18613,to expand,,,,
18614,a grain measure unit,,,,
18615,a transliteration,,,,
18616,grace,,,,
18617,wide,,,,
18618,a currency unit,,,,
18619,to enclose,,,,
1861A,teacher,,,,
1861B,the Big Dipper,,,,
1861C,to collect,,,,
1861D,to teach,,,,
1861E,month,,,,
1861F,enemy,,,,
18620,I,,,,
18621,the name of Tangut's ancestors,,,,
18622,to depend on,,,,
18623,to say,,,,
18624,skin,,,,
18625,to say,,,,
18626,a modal auxiliary,,,,
18627,boots wearing in rain or snow,,,,
18628,proud,,,,
18629,an animal looks like a deer,,,,
1862A,to get,,,,
1862B,rope,,,,
1862C,alcoholic drink,,,,
1862D,can,,,,
1862E,I,,,,
1862F,thin,,,,
18630,to do,,,,
18631,to pare,,,,
18632,long and thin,,,,
18633,to rise,,,,
18634,to throw,,,,
18635,end,,,,
18636,not,,,,
18637,man,,,,
18638,full,,,,
18639,a surname,,,,
1863A,to spoil (a child),,,,
1863B,to ask,,,,
1863C,,,,,
1863D,,,,,
1863E,skin,,,,
1863F,be in very short time,,,,
18640,to slaughter,,,,
18641,ripe hide,,,,
18642,low,,,,
18643,level,,,,
18644,thin,,,,
18645,belt,,,,
18646,fat,,,,
18647,an adverb,,,,
18648,to meet,,,,
18649,epidermis,,,,
1864A,slow,,,,
1864B,string,,,,
1864C,an auxiliary word,,,,
1864D,belt,,,,
1864E,to give birth,,,,
1864F,fat,,,,
18650,speech,,,,
18651,to capture,,,,
18652,to fill in,,,,
18653,to cut open,,,,
18654,glue,,,,
18655,a kind of vegetable,,,,
18656,vat,,,,
18657,enough,,,,
18658,songs singing aloud,,,,
18659,,,,,
1865A,to tan,,,,
1865B,medicine to treat sores,,,,
1865C,scabies,,,,
1865D,bag,,,,
1865E,pulse,,,,
1865F,neck,,,,
18660,obstinate,,,,
18661,modest,,,,
18662,deafness,,,,
18663,to kill,,,,
18664,husband,,,,
18665,slow,,,,
18666,tortoise,,,,
18667,fur coat,,,,
18668,to cry bitterly,,,,
18669,to cry,,,,
1866A,to cry,,,,
1866B,to obstruct,,,,
1866C,insect,,,,
1866D,dumpling made of glutinous rice wrapped in bamboo or reed leaves (eaten during the Dragon Boat Festival),,,,
1866E,white,,,,
1866F,a kind of insect,,,,
18670,same,,,,
18671,excrement of insects,,,,
18672,long,,,,
18673,to shrink,,,,
18674,larynx,,,,
18675,a long narrow piece,,,,
18676,long narrow strips,,,,
18677,to cut,,,,
18678,string,,,,
18679,sudden and violent,,,,
1867A,to expand,,,,
1867B,long and thin,,,,
1867C,a mouth sticks out,,,,
1867D,yellow,,,,
1867E,a transliteration,,,,
1867F,wizard,,,,
18680,,,,,
18681,victory,,,,
18682,dawn,,,,
18683,grace,,,,
18684,high,,,,
18685,to shine,,,,
18686,lips,,,,
18687,widowed,,,,
18688,ancestor,,,,
18689,to weave,,,,
1868A,afterbirth,,,,
1868B,sisters,,,,
1868C,to stop,,,,
1868D,a place name,,,,
1868E,to wash,,,,
1868F,inkstone,,,,
18690,white mulberry,,,,
18691,broken; to come loose (?),,,,
18692,fresh,,,,
18693,to bear (a burden),,,,
18694,below,,,,
18695,relatives,,,,
18696,moist,,,,
18697,origin,,,,
18698,a surname,,,,
18699,smell of meat,,,,
1869A,premature delivery,,,,
1869B,a kind of insect,,,,
1869C,Tangut,,,,
1869D,newborn baby,,,,
1869E,,,,,
1869F,quick,,,,
186A0,foolish,,,,
186A1,flea,,,,
186A2,wheel,,,,
186A3,whirlwind,,,,
186A4,to jump,,,,
186A5,a surname,,,,
186A6,a surname,,,,
186A7,to recommend,,,,
186A8,relatives,,,,
186A9,north,,,,
186AA,to stand up,,,,
186AB,slow,,,,
186AC,be whizzing,,,,
186AD,to clear away,,,,
186AE,sail,,,,
186AF,a kind of grass,,,,
186B0,amber,,,,
186B1,bamboo or twig fence,,,,
186B2,cold (disease),,,,
186B3,straw mat,,,,
186B4,bee,,,,
186B5,fan,,,,
186B6,wind,,,,
186B7,round bone,,,,
186B8,fork,,,,
186B9,whirlwind,,,,
186BA,cough,,,,
186BB,happy,,,,
186BC,,,,,
186BD,to run,,,,
186BE,to hasten,,,,
186BF,a transliteration,,,,
186C0,a surname,,,,
186C1,line,,,,
186C2,roadside,,,,
186C3,seat,,,,
186C4,official title,,,,
186C5,official title,,,,
186C6,casket,,,,
186C7,utensils,,,,
186C8,household utensils,,,,
186C9,pot,,,,
186CA,a skilled workman,,,,
186CB,bitter lettuce,,,,
186CC,bitter lettuce,,,,
186CD,baby,,,,
186CE,a transliteration,,,,
186CF,a transliteration,,,,
186D0,straight,,,,
186D1,honest,,,,
186D2,mixed,,,,
186D3,to disobey,,,,
186D4,to herd,,,,
186D5,gorgeous,,,,
186D6,a surname,,,,
186D7,ostentatious,,,,
186D8,to expand,,,,
186D9,a kind of vegetable,,,,
186DA,bamboo,,,,
186DB,the sun,,,,
186DC,baby,,,,
186DD,penis,,,,
186DE,lonely,,,,
186DF,uncle,,,,
186E0,millet,,,,
186E1,feast,,,,
186E2,soldier,,,,
186E3,a transliteration,,,,
186E4,crucible,,,,
186E5,to subdue,,,,
186E6,next year,,,,
186E7,bottle,,,,
186E8,earthen bowl,,,,
186E9,spotted,,,,
186EA,to be surprised,,,,
186EB,a transliteration,,,,
186EC,ridge,,,,
186ED,stars,,,,
186EE,happy,,,,
186EF,a surname,,,,
186F0,wizard,,,,
186F1,a transliteration,,,,
186F2,to patrol,,,,
186F3,happiness,,,,
186F4,name of a god,,,,
186F5,end,,,,
186F6,stars,,,,
186F7,thunderclap,,,,
186F8,meteorite,,,,
186F9,thunderclap,,,,
186FA,dawn,,,,
186FB,thunder,,,,
186FC,,,,,
186FD,body,,,,
186FE,powder,,,,
186FF,body,,,,
18700,strong,,,,
18701,elder sister,,,,
18702,deep black,,,,
18703,equal,,,,
18704,to equate,,,,
18705,wrestling,,,,
18706,wrestling,,,,
18707,a surname,,,,
18708,a surname,,,,
18709,to lose,,,,
1870A,a transliteration,,,,
1870B,a surname,,,,
1870C,a transliteration,,,,
1870D,date,,,,
1870E,enough,,,,
1870F,to check,,,,
18710,justice,,,,
18711,waves,,,,
18712,a measure word for anything small and roundish,,,,
18713,to count,,,,
18714,number,,,,
18715,to dare,,,,
18716,to block up,,,,
18717,many,,,,
18718,to get,,,,
18719,can,,,,
1871A,to dare,,,,
1871B,to exchange,,,,
1871C,stubble,,,,
1871D,thorn,,,,
1871E,temporary,,,,
1871F,few,,,,
18720,to descend,,,,
18721,sudden,,,,
18722,immediately,,,,
18723,,,,,
18724,very fast,,,,
18725,to spread,,,,
18726,fast,,,,
18727,slow; to stop (?),,,,
18728,very fast,,,,
18729,deep,,,,
1872A,to fall,,,,
1872B,servant,,,,
1872C,to send,,,,
1872D,head,,,,
1872E,a unit of measurement,,,,
1872F,saddle,,,,
18730,belt or band for saddles,,,,
18731,belt,,,,
18732,cool,,,,
18733,a transliteration,,,,
18734,big,,,,
18735,to swear,,,,
18736,big,,,,
18737,south,,,,
18738,temple,,,,
18739,empress,,,,
1873A,north,,,,
1873B,a surname,,,,
1873C,gentle,,,,
1873D,owlet,,,,
1873E,phoenix,,,,
1873F,jerked meat,,,,
18740,to fly,,,,
18741,wing,,,,
18742,to cast,,,,
18743,fly and mosquito,,,,
18744,wing,,,,
18745,reversal,,,,
18746,vulture,,,,
18747,gentle,,,,
18748,devil,,,,
18749,bird,,,,
1874A,to puzzle,,,,
1874B,wing,,,,
1874C,evil spirit,,,,
1874D,wing,,,,
1874E,a kind of silk,,,,
1874F,crane,,,,
18750,to revolve,,,,
18751,to sit,,,,
18752,string,,,,
18753,to rest,,,,
18754,to transport,,,,
18755,a surname,,,,
18756,oil,,,,
18757,a surname,,,,
18758,disease,,,,
18759,a surname,,,,
1875A,to steal,,,,
1875B,to steal,,,,
1875C,to steal,,,,
1875D,,,,,
1875E,writing,,,,
1875F,to contact,,,,
18760,scorpion,,,,
18761,,,,,
18762,to burn,,,,
18763,turbid,,,,
18764,dirty,,,,
18765,jokes,,,,
18766,skill,,,,
18767,to patrol,,,,
18768,time,,,,
18769,,,,,
1876A,to separate,,,,
1876B,the Milky Way,,,,
1876C,to burst,,,,
1876D,the Milky Way,,,,
1876E,to cry,,,,
1876F,to look,,,,
18770,a transliteration,,,,
18771,to open eyes,,,,
18772,to close one's eyes,,,,
18773,silent,,,,
18774,one's name,,,,
18775,self,,,,
18776,why,,,,
18777,beautiful,,,,
18778,gorgeous,,,,
18779,to hug,,,,
1877A,to bear (a burden),,,,
1877B,a surname,,,,
1877C,bed-wetting,,,,
1877D,a kind of bee,,,,
1877E,a surname,,,,
1877F,proverb,,,,
18780,a transliteration,,,,
18781,children,,,,
18782,to practice,,,,
18783,a long narrow flag,,,,
18784,flag,,,,
18785,streamer,,,,
18786,thin,,,,
18787,to thin down,,,,
18788,unlined garment,,,,
18789,ore,,,,
1878A,indignant,,,,
1878B,full,,,,
1878C,solid,,,,
1878D,heavy,,,,
1878E,rake,,,,
1878F,surname of a tribe,,,,
18790,cool,,,,
18791,a transliteration,,,,
18792,doubt,,,,
18793,to go,,,,
18794,crew cut,,,,
18795,a surname,,,,
18796,to demand,,,,
18797,race,,,,
18798,species,,,,
18799,profit,,,,
1879A,times,,,,
1879B,ear,,,,
1879C,to break off,,,,
1879D,to instigate,,,,
1879E,difficult,,,,
1879F,crime,,,,
187A0,,,,,
187A1,colored glaze,,,,
187A2,nostril,,,,
187A3,wooden saddle,,,,
187A4,wide,,,,
187A5,to live in peace,,,,
187A6,upright,,,,
187A7,only,,,,
187A8,a transliteration,,,,
187A9,to carve,,,,
187AA,only,,,,
187AB,a bit of,,,,
187AC,complete,,,,
187AD,only,,,,
187AE,sharp weapon,,,,
187AF,sickle,,,,
187B0,a surname,,,,
187B1,under,,,,
187B2,to support,,,,
187B3,tumor,,,,
187B4,a kind of grass,,,,
187B5,to grow,,,,
187B6,luxuriant,,,,
187B7,to raise,,,,
187B8,universal,,,,
187B9,to prepare,,,,
187BA,property,,,,
187BB,wan and sallow,,,,
187BC,mother,,,,
187BD,surname on mother's line,,,,
187BE,skilful,,,,
187BF,to have,,,,
187C0,to see,,,,
187C1,bright,,,,
187C2,to be,,,,
187C3,brain,,,,
187C4,mother's brother,,,,
187C5,to raise,,,,
187C6,behind,,,,
187C7,filter,,,,
187C8,general name for certain musical instruments,,,,
187C9,steaming,,,,
187CA,a place to put corpse,,,,
187CB,pungent,,,,
187CC,pepper,,,,
187CD,to cook,,,,
187CE,to cook,,,,
187CF,power,,,,
187D0,to hum,,,,
187D1,a transliteration,,,,
187D2,a surname,,,,
187D3,,,,,
187D4,soft,,,,
187D5,ridge,,,,
187D6,to examine,,,,
187D7,tooth,,,,
187D8,to masticate,,,,
187D9,king,,,,
187DA,imperial edict,,,,
187DB,wisdom,,,,
187DC,wisdom,,,,
187DD,power,,,,
187DE,knife,,,,
187DF,to cut,,,,
187E0,to love,,,,
187E1,butter,,,,
187E2,to copulate,,,,
187E3,to have,,,,
187E4,life,,,,
187E5,insect,,,,
187E6,mandarin duck,,,,
187E7,,,,,
187E8,to roll up,,,,
187E9,seal,,,,
187EA,iron,,,,
187EB,sword,,,,
187EC,axe,,,,
187ED,,ŋa,,,L2012-6075
187EE,,zja,,,L2012-6076
187EF,,tsjwak,,,L2012-6077
187F0,vajra,,,,UTN42-004
187F1,"millet, barley and wheat?",ku?,,,UTN42-005
187F2,vajra,,,,UTN42-006
187F3,vajra,,,,UTN42-007
187F4,"presently, in a moment?",tśi̯ ə?,𗐡 tśi̯ ə?,"possibly a mistake for 𗐡 tśi̯ ə ‘presently, in a moment’",UTN42-008
187F5,a type of ghost?,,,,UTN42-009
187F6,"to pull, to tug?",tśhi̯e?,𗕮 tśhi̯e?,"? maybe an error for 𗕮 tśhi̯e ‘to pull, to tug’",UTN42-010
187F7,,,,?,UTN42-011
187F8,,,,?,N5217-01
187F9,,,,?,N5217-02
187FA,,"djo², dwu, or twu",,appears to have a variant form that is unified,N5217-03
187FB,,nja²,,,N5217-04
187FC,,sja²,,,N5217-05
187FD,,,,?,N5217-06
187FE,evil?,niow²?,𘊄 niow²?,possibly a mistake for 𘊄 niow² ‘evil’,N5217-07
187FF,,xã²?,𘟑 xã²?,probably a mistake for 𘟑 xã²,N5217-08
